time,value
2025-03-27T04:48:05.294270179Z,8.623950004577637
2025-03-27T04:48:06.588767999Z,7.867950439453125
2025-03-27T04:48:07.383471846Z,8.245950698852539
2025-03-27T04:48:08.216373902Z,8.706000328063965
2025-03-27T04:48:09.211578617Z,8.794050216674805
2025-03-27T04:48:11.897871325Z,9.280050277709961
2025-03-27T04:48:11.899268366Z,9.064949989318848
2025-03-27T04:48:12.192814297Z,9
2025-03-27T04:48:13.902507607Z,8.887950897216797
2025-03-27T04:48:14.332518076Z,8.830050468444824
2025-03-27T04:48:15.245205417Z,8.814000129699707
2025-03-27T04:48:16.178123093Z,7.846950531005859
2025-03-27T04:48:17.298123164Z,8.878050804138184
2025-03-27T04:48:18.77923665Z,9.05505084991455
2025-03-27T04:48:19.128839614Z,8.461950302124023
2025-03-27T04:48:20.101953028Z,8.689050674438477
2025-03-27T04:48:21.084924374Z,9.079050064086914
2025-03-27T04:48:22.570523311Z,8.789999961853027
2025-03-27T04:48:23.082125903Z,8.668050765991211
2025-03-27T04:48:24.041970892Z,8.707950592041016
2025-03-27T04:48:25.649034488Z,9.034049987792969
2025-03-27T04:48:26.002152946Z,8.36400032043457
2025-03-27T04:48:26.982525897Z,8.36400032043457
2025-03-27T04:48:27.983556717Z,8.602950096130371
2025-03-27T04:48:28.962807557Z,8.668050765991211
2025-03-27T04:48:29.973375095Z,8.857050895690918
2025-03-27T04:48:30.940047664Z,7.909050464630127
2025-03-27T04:48:31.944841753Z,7.89900016784668
2025-03-27T04:48:32.927842706Z,7.930050373077393
2025-03-27T04:48:33.927707837Z,7.9110002517700195
2025-03-27T04:48:34.899875885Z,8.41604995727539
2025-03-27T04:48:35.870045897Z,9.118050575256348
2025-03-27T04:48:36.851788135Z,11.611950874328613
2025-03-27T04:48:37.853520107Z,7.8349504470825195
2025-03-27T04:48:38.837003878Z,7.594950199127197
2025-03-27T04:48:39.821466327Z,8.878050804138184
2025-03-27T04:48:40.813466934Z,8.815950393676758
2025-03-27T04:48:41.782926266Z,9.189000129699707
2025-03-27T04:48:42.813283984Z,8.617050170898438
2025-03-27T04:48:43.794068037Z,10.0489501953125
2025-03-27T04:48:44.730672689Z,9.097949981689453
2025-03-27T04:48:45.729197463Z,9.820950508117676
2025-03-27T04:48:46.695816252Z,8.72700023651123
2025-03-27T04:48:47.702912326Z,9.745050430297852
2025-03-27T04:48:48.678572745Z,9.727950096130371
2025-03-27T04:48:49.661438165Z,9.244050025939941
2025-03-27T04:48:50.654957049Z,10.609050750732422
2025-03-27T04:48:51.643917415Z,5.038950443267822
2025-03-27T04:48:52.623082472Z,8.044950485229492
2025-03-27T04:48:53.662373883Z,10.474950790405273
2025-03-27T04:48:54.592193129Z,9.83595085144043
2025-03-27T04:48:55.574369234Z,9.81195068359375
2025-03-27T04:48:56.575175764Z,10.246950149536133
2025-03-27T04:48:57.553979865Z,9.733050346374512
2025-03-27T04:48:58.542009043Z,10.306950569152832
2025-03-27T04:48:59.520682695Z,9.675000190734863
2025-03-27T04:49:01.857469722Z,9.48900032043457
2025-03-27T04:49:01.859219891Z,9.063000679016113
2025-03-27T04:49:02.481458925Z,9.87405014038086
2025-03-27T04:49:03.466425925Z,8.842050552368164
2025-03-27T04:49:04.453819651Z,9.2920503616333
2025-03-27T04:49:05.43315543Z,9.84000015258789
2025-03-27T04:49:06.413283333Z,9.793050765991211
2025-03-27T04:49:07.39173323Z,9.711000442504883
2025-03-27T04:49:08.55455489Z,9.460050582885742
2025-03-27T04:49:09.36573664Z,9.790050506591797
2025-03-27T04:49:10.34837357Z,8.45205020904541
2025-03-27T04:49:11.345468043Z,9.180000305175781
2025-03-27T04:49:12.319648249Z,9.651000022888184
2025-03-27T04:49:13.30876386Z,9.972000122070312
2025-03-27T04:49:14.29110929Z,8.974050521850586
2025-03-27T04:49:15.279644931Z,8.974050521850586
2025-03-27T04:49:16.271629473Z,10.02495002746582
2025-03-27T04:49:17.271321586Z,6.136950492858887
2025-03-27T04:49:18.247351563Z,10.396050453186035
2025-03-27T04:49:19.230878891Z,8.875950813293457
2025-03-27T04:49:20.20744661Z,8.890050888061523
2025-03-27T04:49:21.217262983Z,9.31605052947998
2025-03-27T04:49:22.1888744Z,7.674000263214111
2025-03-27T04:49:23.187440558Z,5.958000183105469
2025-03-27T04:49:24.164334496Z,6.834000110626221
2025-03-27T04:49:25.138931185Z,8.893050193786621
2025-03-27T04:49:26.12586632Z,9.08595085144043
2025-03-27T04:49:27.119572659Z,10.906050682067871
2025-03-27T04:49:28.10099095Z,8.68695068359375
2025-03-27T04:49:29.083660814Z,8.315999984741211
2025-03-27T04:49:30.076506798Z,9.8860502243042
2025-03-27T04:49:31.07283551Z,9.106050491333008
2025-03-27T04:49:32.041324873Z,9.424050331115723
2025-03-27T04:49:33.035086004Z,10.1089506149292
2025-03-27T04:49:34.00456251Z,0.7780500650405884
2025-03-27T04:49:35.007815237Z,5.0560503005981445
2025-03-27T04:49:35.985896426Z,7.918050289154053
2025-03-27T04:49:36.972570083Z,6.658950328826904
2025-03-27T04:49:37.958186912Z,6.778950214385986
2025-03-27T04:49:38.936523963Z,8.598000526428223
2025-03-27T04:49:39.926347142Z,8.68005084991455
2025-03-27T04:49:40.95118419Z,9.760950088500977
2025-03-27T04:49:41.931678199Z,6.625950336456299
2025-03-27T04:49:42.89712413Z,7.389000415802002
2025-03-27T04:49:43.904191579Z,7.543050289154053
2025-03-27T04:49:44.909893767Z,7.240950107574463
2025-03-27T04:49:45.890365529Z,7.147950172424316
2025-03-27T04:49:46.912154754Z,13.861950874328613
2025-03-27T04:49:47.895184494Z,-4.282950401306152
2025-03-27T04:49:48.9040357Z,5.058000087738037
2025-03-27T04:49:49.883716246Z,7.519050121307373
2025-03-27T04:49:50.844898787Z,2.8650002479553223
2025-03-27T04:49:51.851856728Z,6.154050350189209
2025-03-27T04:49:52.867765347Z,2.808000087738037
2025-03-27T04:49:53.854340212Z,6.790950298309326
2025-03-27T04:49:54.842597187Z,7.392000198364258
2025-03-27T04:49:55.776153099Z,2.829000234603882
2025-03-27T04:49:56.789854109Z,5.865000247955322
2025-03-27T04:49:57.760044675Z,3.3700501918792725
2025-03-27T04:49:58.768778303Z,5.818950176239014
2025-03-27T04:49:59.779344355Z,8.541000366210938
2025-03-27T04:50:00.767387291Z,8.482950210571289
2025-03-27T04:50:01.759826903Z,8.707950592041016
2025-03-27T04:50:02.675687237Z,8.789999961853027
2025-03-27T04:50:03.678791894Z,8.905050277709961
2025-03-27T04:50:06.213200446Z,8.926050186157227
2025-03-27T04:50:06.215033685Z,8.931000709533691
2025-03-27T04:50:06.640450128Z,8.284950256347656
2025-03-27T04:50:07.604448005Z,8.914050102233887
2025-03-27T04:50:08.594968871Z,8.914050102233887
2025-03-27T04:50:09.805307862Z,8.560050010681152
2025-03-27T04:50:11.531095511Z,8.601000785827637
2025-03-27T04:50:12.515765187Z,8.839950561523438
2025-03-27T04:50:13.215750292Z,8.731950759887695
2025-03-27T04:50:13.519765581Z,8.653050422668457
2025-03-27T04:50:14.516265487Z,8.895000457763672
2025-03-27T04:50:15.518899692Z,10.858050346374512
2025-03-27T04:50:16.496961658Z,8.998050689697266
2025-03-27T04:50:17.457504871Z,8.731950759887695
2025-03-27T04:50:19.338983792Z,9.196950912475586
2025-03-27T04:50:20.298269277Z,9.05505084991455
2025-03-27T04:50:20.673859021Z,7.135950565338135
2025-03-27T04:50:21.415343391Z,8.554950714111328
2025-03-27T04:50:23.388373835Z,9.844950675964355
2025-03-27T04:50:24.374225014Z,9.05505084991455
2025-03-27T04:50:25.364431777Z,10.408050537109375
2025-03-27T04:50:26.122714001Z,9.343050003051758
2025-03-27T04:50:27.319692093Z,9.795000076293945
2025-03-27T04:50:27.358305036Z,8.766000747680664
2025-03-27T04:50:28.291882421Z,8.789999961853027
2025-03-27T04:50:29.275872781Z,9.106050491333008
2025-03-27T04:50:30.26688548Z,8.505000114440918
2025-03-27T04:50:31.258977966Z,8.665050506591797
2025-03-27T04:50:32.234147416Z,8.9239501953125
2025-03-27T04:50:33.227725676Z,8.926050186157227
2025-03-27T04:50:34.195710458Z,8.881050109863281
2025-03-27T04:50:35.179447436Z,7.464000225067139
2025-03-27T04:50:37.06700365Z,6.504000186920166
2025-03-27T04:50:37.35056027Z,8.433000564575195
2025-03-27T04:50:38.129278686Z,8.657999992370605
2025-03-27T04:50:39.116684303Z,8.566950798034668
2025-03-27T04:50:40.11314472Z,8.385000228881836
2025-03-27T04:50:41.079757911Z,9.259050369262695
2025-03-27T04:50:42.067161495Z,6.942000389099121
2025-03-27T04:50:43.052221184Z,11.812950134277344
2025-03-27T04:50:44.03950799Z,9.508050918579102
2025-03-27T04:50:45.032564166Z,9.58905029296875
2025-03-27T04:50:46.017342888Z,9.880950927734375
2025-03-27T04:50:46.99545815Z,9.556050300598145
2025-03-27T04:50:48.017192243Z,8.68695068359375
2025-03-27T04:50:48.988613695Z,3.895050287246704
2025-03-27T04:50:49.957826513Z,9.642000198364258
2025-03-27T04:50:50.941835223Z,8.683950424194336
2025-03-27T04:50:51.930581572Z,9.052950859069824
2025-03-27T04:50:52.910487443Z,7.765050411224365
2025-03-27T04:50:53.902971956Z,8.878050804138184
2025-03-27T04:50:54.877256125Z,7.132950305938721
2025-03-27T04:50:55.863742501Z,7.132950305938721
2025-03-27T04:50:56.849436583Z,9.946050643920898
2025-03-27T04:50:57.841300864Z,4.060050010681152
2025-03-27T04:50:58.830796725Z,7.267050266265869
2025-03-27T04:50:59.80684952Z,8.538000106811523
2025-03-27T04:51:00.801811645Z,8.112000465393066
2025-03-27T04:51:01.785156917Z,8.064000129699707
2025-03-27T04:51:02.775041238Z,8.754000663757324
2025-03-27T04:51:03.758328781Z,9.35205078125
2025-03-27T04:51:04.755531463Z,-1.702950119972229
2025-03-27T04:51:05.719595741Z,12.949950218200684
2025-03-27T04:51:06.706436372Z,-11.428050994873047
2025-03-27T04:51:07.694953057Z,10.34595012664795
2025-03-27T04:51:08.682166661Z,9.02400016784668
2025-03-27T04:51:09.668448492Z,9.367050170898438
2025-03-27T04:51:10.647483038Z,9.058050155639648
2025-03-27T04:51:11.634931933Z,9.568050384521484
2025-03-27T04:51:12.621959251Z,9.131999969482422
2025-03-27T04:51:13.597551717Z,-15.86400032043457
2025-03-27T04:51:14.587722609Z,-12.79800033569336
2025-03-27T04:51:15.567158508Z,9.466950416564941
2025-03-27T04:51:16.584321767Z,5.0530500411987305
2025-03-27T04:51:17.539731955Z,-5.008950233459473
2025-03-27T04:51:18.543605783Z,8.116950035095215
2025-03-27T04:51:19.515510899Z,7.258050441741943
2025-03-27T04:51:20.515887179Z,9.157950401306152
2025-03-27T04:51:21.489163114Z,7.636050224304199
2025-03-27T04:51:22.501846048Z,8.152950286865234
2025-03-27T04:51:23.497731432Z,8.602950096130371
2025-03-27T04:51:24.448844155Z,9.703950881958008
2025-03-27T04:51:25.440757874Z,13.960050582885742
2025-03-27T04:51:26.419619868Z,2.889000177383423
2025-03-27T04:51:27.413807142Z,9.22095012664795
2025-03-27T04:51:28.3920979Z,9.666000366210938
2025-03-27T04:51:29.389777253Z,5.989050388336182
2025-03-27T04:51:30.364765007Z,8.18595027923584
2025-03-27T04:51:31.348324334Z,8.119050025939941
2025-03-27T04:51:32.347013467Z,7.689000129699707
2025-03-27T04:51:33.337747826Z,8.028000831604004
2025-03-27T04:51:34.352929808Z,8.926050186157227
2025-03-27T04:51:35.324885343Z,7.939950466156006
2025-03-27T04:51:36.323081844Z,9.201000213623047
2025-03-27T04:51:37.318559549Z,10.642050743103027
2025-03-27T04:51:38.319565154Z,8.480999946594238
2025-03-27T04:51:39.298644401Z,7.540050506591797
2025-03-27T04:51:40.31221395Z,8.596050262451172
2025-03-27T04:51:41.291361218Z,9.871950149536133
2025-03-27T04:51:42.299177899Z,7.734000205993652
2025-03-27T04:51:43.324564761Z,9.091050148010254
2025-03-27T04:51:44.271462417Z,8.445000648498535
2025-03-27T04:51:45.272076301Z,8.554950714111328
2025-03-27T04:51:46.222106013Z,-4.117949962615967
2025-03-27T04:51:47.242327913Z,-3.7759501934051514
2025-03-27T04:51:48.23704683Z,-3.7759501934051514
2025-03-27T04:51:49.215415547Z,0.4120500087738037
2025-03-27T04:51:50.123038213Z,8.995050430297852
2025-03-27T04:51:51.122520762Z,11.206950187683105
2025-03-27T04:51:52.061296951Z,8.467050552368164
2025-03-27T04:51:53.065907397Z,8.184000015258789
2025-03-27T04:51:54.064450909Z,9.319050788879395
2025-03-27T04:51:55.025767733Z,11.703001022338867
2025-03-27T04:51:56.001667344Z,9.388050079345703
2025-03-27T04:51:57.010358093Z,9.895950317382812
2025-03-27T04:51:57.996424245Z,6.655050277709961
2025-03-27T04:51:58.979383649Z,8.425950050354004
2025-03-27T04:51:59.968088545Z,10.711950302124023
2025-03-27T04:52:00.953200114Z,9.454950332641602
2025-03-27T04:52:03.917462531Z,8.950050354003906
2025-03-27T04:52:03.918970585Z,9.153000831604004
2025-03-27T04:52:03.920692703Z,8.315999984741211
2025-03-27T04:52:04.868082955Z,9.984000205993652
2025-03-27T04:52:05.870050918Z,7.522950172424316
2025-03-27T04:52:06.863787718Z,9.493050575256348
2025-03-27T04:52:07.828178697Z,8.9239501953125
2025-03-27T04:52:08.804730271Z,8.641050338745117
2025-03-27T04:52:09.811819338Z,8.742000579833984
2025-03-27T04:52:10.790348244Z,7.930050373077393
2025-03-27T04:52:11.777262599Z,9.51300048828125
2025-03-27T04:52:12.768445605Z,9.256050109863281
2025-03-27T04:52:13.746676575Z,8.541000366210938
2025-03-27T04:52:14.722185307Z,8.881050109863281
2025-03-27T04:52:15.711868208Z,9.103050231933594
2025-03-27T04:52:16.703543569Z,8.995050430297852
2025-03-27T04:52:17.697510092Z,7.693050384521484
2025-03-27T04:52:18.680856303Z,10.255050659179688
2025-03-27T04:52:19.654747273Z,9.108000755310059
2025-03-27T04:52:20.652573441Z,8.815950393676758
2025-03-27T04:52:21.616325197Z,10.164000511169434
2025-03-27T04:52:22.608314052Z,-0.7740000486373901
2025-03-27T04:52:23.580214178Z,10.168050765991211
2025-03-27T04:52:24.556471286Z,13.267951011657715
2025-03-27T04:52:25.590535169Z,7.3750505447387695
2025-03-27T04:52:26.542140209Z,11.971050262451172
2025-03-27T04:52:27.526036838Z,11.971050262451172
2025-03-27T04:52:28.524035877Z,4.153050422668457
2025-03-27T04:52:29.506685952Z,6.372000217437744
2025-03-27T04:52:30.49250376Z,5.424000263214111
2025-03-27T04:52:31.498489882Z,6.8359503746032715
2025-03-27T04:52:32.47014927Z,9.177000045776367
2025-03-27T04:52:33.458252446Z,8.730000495910645
2025-03-27T04:52:34.433720458Z,7.948950290679932
2025-03-27T04:52:35.440123698Z,9.25200080871582
2025-03-27T04:52:36.419260525Z,8.361000061035156
2025-03-27T04:52:37.401788676Z,8.692049980163574
2025-03-27T04:52:38.370973428Z,5.833950042724609
2025-03-27T04:52:39.375621013Z,9.0600004196167
2025-03-27T04:52:40.34769317Z,9.651000022888184
2025-03-27T04:52:41.331725368Z,7.69605016708374
2025-03-27T04:52:42.335562228Z,12.09000015258789
2025-03-27T04:52:43.370316707Z,9.156000137329102
2025-03-27T04:52:44.317342762Z,8.385000228881836
2025-03-27T04:52:45.271731409Z,7.330050468444824
2025-03-27T04:52:46.258067677Z,8.095050811767578
2025-03-27T04:52:47.248806033Z,8.613000869750977
2025-03-27T04:52:48.227333528Z,8.260950088500977
2025-03-27T04:52:49.206358904Z,9.558000564575195
2025-03-27T04:52:50.206750527Z,6.906000137329102
2025-03-27T04:52:51.187942996Z,8.506950378417969
2025-03-27T04:52:52.172807923Z,5.7210001945495605
2025-03-27T04:52:53.158879178Z,6.157050132751465
2025-03-27T04:52:54.142310286Z,9.907050132751465
2025-03-27T04:52:55.133768548Z,5.149050235748291
2025-03-27T04:52:56.115433212Z,7.839000225067139
2025-03-27T04:52:57.108853019Z,9.127050399780273
2025-03-27T04:52:58.083404511Z,9.82800006866455
2025-03-27T04:52:59.062497453Z,9.898050308227539
2025-03-27T04:53:00.052511096Z,9.85200023651123
2025-03-27T04:53:01.035860337Z,9.819000244140625
2025-03-27T04:53:02.016563305Z,9.802050590515137
2025-03-27T04:53:03.019576137Z,9.814050674438477
2025-03-27T04:53:03.99284918Z,9.831000328063965
2025-03-27T04:53:04.981118855Z,9.838050842285156
2025-03-27T04:53:06.002811237Z,9.820950508117676
2025-03-27T04:53:07.009460537Z,9.831000328063965
2025-03-27T04:53:07.991484024Z,9.808950424194336
2025-03-27T04:53:08.953676821Z,9.820950508117676
2025-03-27T04:53:09.930179109Z,9.820950508117676
2025-03-27T04:53:10.962476623Z,9.826050758361816
2025-03-27T04:53:11.925872416Z,10.623000144958496
2025-03-27T04:53:12.906183517Z,8.287050247192383
2025-03-27T04:53:13.885486702Z,4.753950119018555
2025-03-27T04:53:14.874015624Z,7.82295036315918
2025-03-27T04:53:15.877999521Z,6.12600040435791
2025-03-27T04:53:16.852914561Z,8.1739501953125
2025-03-27T04:53:17.849080929Z,8.692049980163574
2025-03-27T04:53:18.832927879Z,8.469000816345215
2025-03-27T04:53:19.821948027Z,6.29295015335083
2025-03-27T04:53:20.806909218Z,7.0849504470825195
2025-03-27T04:53:21.789025968Z,7.321950435638428
2025-03-27T04:53:22.807917304Z,8.128950119018555
2025-03-27T04:53:23.783784899Z,8.128950119018555
2025-03-27T04:53:24.806840691Z,7.437000274658203
2025-03-27T04:53:25.837394977Z,-2.9980502128601074
2025-03-27T04:53:26.761752593Z,-10.471050262451172
2025-03-27T04:53:27.796534425Z,4.005000114440918
2025-03-27T04:53:28.793174658Z,8.928000450134277
2025-03-27T04:53:29.764441935Z,1.9750500917434692
2025-03-27T04:53:31.31228459Z,4.455000400543213
2025-03-27T04:53:31.643516022Z,7.758000373840332
2025-03-27T04:53:32.648051671Z,6.322050094604492
2025-03-27T04:53:33.617831257Z,7.984950542449951
2025-03-27T04:53:34.612283687Z,8.851950645446777
2025-03-27T04:53:35.591699363Z,6.472950458526611
2025-03-27T04:53:36.657605994Z,9.253950119018555
2025-03-27T04:53:37.609092013Z,5.094000339508057
2025-03-27T04:53:38.571138291Z,7.516050338745117
2025-03-27T04:53:39.578878485Z,-9.442049980163574
2025-03-27T04:53:40.781982668Z,-9.244950294494629
2025-03-27T04:53:41.681365713Z,-8.84595012664795
2025-03-27T04:53:43.674195668Z,-11.122050285339355
2025-03-27T04:53:59.250709458Z,7.7749505043029785
2025-03-27T04:54:00.261188679Z,13.042950630187988
2025-03-27T04:54:01.257350277Z,6.880050182342529
2025-03-27T04:54:02.259384179Z,9.58905029296875
2025-03-27T04:54:03.210277763Z,8.635950088500977
2025-03-27T04:54:04.239668722Z,7.4350504875183105
2025-03-27T04:54:05.199244338Z,12.016050338745117
2025-03-27T04:54:06.149344742Z,9.86400032043457
2025-03-27T04:54:07.181128843Z,7.162050247192383
2025-03-27T04:54:08.271360718Z,8.962050437927246
2025-03-27T04:54:09.104475469Z,8.962050437927246
2025-03-27T04:54:10.11225554Z,10.62600040435791
2025-03-27T04:54:11.59914952Z,8.37600040435791
2025-03-27T04:54:12.509276484Z,8.838000297546387
2025-03-27T04:54:13.060300432Z,9.544050216674805
2025-03-27T04:54:14.057333418Z,9.448050498962402
2025-03-27T04:54:15.038472396Z,9.675000190734863
2025-03-27T04:54:16.085084874Z,7.666950225830078
2025-03-27T04:54:17.069120422Z,8.75100040435791
2025-03-27T04:54:18.019222724Z,8.48805046081543
2025-03-27T04:54:18.969439254Z,7.53795051574707
2025-03-27T04:54:19.959373562Z,8.572050094604492
2025-03-27T04:54:20.980272175Z,5.424000263214111
2025-03-27T04:54:21.960390148Z,9.481050491333008
2025-03-27T04:54:22.942247521Z,8.646000862121582
2025-03-27T04:54:23.911449512Z,7.191000461578369
2025-03-27T04:54:24.899211412Z,9.61500072479248
2025-03-27T04:54:25.877391859Z,10.233000755310059
2025-03-27T04:54:26.849342282Z,9.355050086975098
2025-03-27T04:54:27.850473315Z,8.473950386047363
2025-03-27T04:54:28.875418026Z,8.293950080871582
2025-03-27T04:54:29.85956402Z,8.73705005645752
2025-03-27T04:54:30.79927382Z,8.620050430297852
2025-03-27T04:54:31.822292505Z,8.657999992370605
2025-03-27T04:54:32.75918642Z,12.391950607299805
2025-03-27T04:54:33.747314269Z,7.002000331878662
2025-03-27T04:54:34.859260835Z,9.289950370788574
2025-03-27T04:54:35.729010568Z,9.280050277709961
2025-03-27T04:54:36.812353431Z,9.417000770568848
2025-03-27T04:54:37.702143606Z,12.306000709533691
2025-03-27T04:54:38.679219915Z,6.589950084686279
2025-03-27T04:54:39.755274172Z,11.575950622558594
2025-03-27T04:54:40.661280093Z,8.1670503616333
2025-03-27T04:54:41.640301838Z,7.653000354766846
2025-03-27T04:54:42.640530156Z,12.946950912475586
2025-03-27T04:54:43.621194281Z,11.5260009765625
2025-03-27T04:54:54.066232001Z,6.535050392150879
2025-03-27T04:54:54.393180893Z,10.402950286865234
2025-03-27T04:54:54.394832555Z,4.873950004577637
2025-03-27T04:54:54.396746647Z,12.628951072692871
2025-03-27T04:54:54.85025132Z,5.544000148773193
2025-03-27T04:54:55.727250633Z,11.338950157165527
2025-03-27T04:54:55.730215756Z,8.22195053100586
2025-03-27T04:54:55.740108917Z,9.192000389099121
2025-03-27T04:54:55.744287089Z,9.079050064086914
2025-03-27T04:54:55.745930891Z,8.17905044555664
2025-03-27T04:54:55.748664718Z,5.518050193786621
2025-03-27T04:54:56.960170577Z,12.058950424194336
2025-03-27T04:54:57.507278533Z,4.90500020980835
2025-03-27T04:54:58.687161754Z,11.332050323486328
2025-03-27T04:54:59.430267377Z,6.777000427246094
2025-03-27T04:55:00.456149193Z,6.777000427246094
2025-03-27T04:55:01.370126449Z,5.7430500984191895
2025-03-27T04:55:02.356078356Z,10.872000694274902
2025-03-27T04:55:03.384187168Z,6.565950393676758
2025-03-27T04:55:04.342022707Z,10.228050231933594
2025-03-27T04:55:05.304217648Z,12.1360502243042
2025-03-27T04:55:06.299693405Z,5.305050373077393
2025-03-27T04:55:07.288345164Z,12.744000434875488
2025-03-27T04:55:08.252613909Z,8.956950187683105
2025-03-27T04:55:09.240244129Z,7.593000411987305
2025-03-27T04:55:10.222189087Z,12.784950256347656
2025-03-27T04:55:11.202172126Z,8.542950630187988
2025-03-27T04:55:12.182478199Z,11.322000503540039
2025-03-27T04:55:13.162393376Z,5.884050369262695
2025-03-27T04:55:14.16244186Z,8.529000282287598
2025-03-27T04:55:15.152439623Z,11.272050857543945
2025-03-27T04:55:16.122257491Z,9.144000053405762
2025-03-27T04:55:17.112159618Z,11.587950706481934
2025-03-27T04:55:18.092313849Z,10.17300033569336
2025-03-27T04:55:19.100406794Z,6.714000225067139
2025-03-27T04:55:20.063445215Z,12.418050765991211
2025-03-27T04:55:21.072182212Z,5.530050277709961
2025-03-27T04:55:22.042190628Z,11.47800064086914
2025-03-27T04:55:23.012378919Z,4.984050273895264
2025-03-27T04:55:23.982426334Z,11.518050193786621
2025-03-27T04:55:24.993184805Z,5.749950408935547
2025-03-27T04:55:26.093226485Z,7.890000343322754
2025-03-27T04:55:27.154123738Z,7.830000400543213
2025-03-27T04:55:27.963399214Z,7.114050388336182
2025-03-27T04:55:28.96312171Z,7.380000114440918
2025-03-27T04:55:29.961277217Z,7.669050216674805
2025-03-27T04:55:30.950318234Z,10.531950950622559
2025-03-27T04:55:31.91411518Z,8.890050888061523
2025-03-27T04:55:32.913316847Z,10.135050773620605
2025-03-27T04:55:33.894278998Z,8.707950592041016
2025-03-27T04:55:34.881617261Z,5.920050144195557
2025-03-27T04:55:35.865026272Z,11.217000961303711
2025-03-27T04:55:36.854070143Z,6.220950126647949
2025-03-27T04:55:37.844930587Z,13.656001091003418
2025-03-27T04:55:38.834130933Z,8.73900032043457
2025-03-27T04:55:39.820432158Z,8.128950119018555
2025-03-27T04:55:40.803547297Z,10.474950790405273
2025-03-27T04:55:41.784239808Z,5.383050441741943
2025-03-27T04:55:42.773227369Z,13.680000305175781
2025-03-27T04:55:43.750102524Z,8.206049919128418
2025-03-27T04:55:44.743377946Z,5.63700008392334
2025-03-27T04:55:45.727298765Z,11.479950904846191
2025-03-27T04:55:46.742291624Z,4.941000461578369
2025-03-27T04:55:47.717035137Z,7.549950122833252
2025-03-27T04:55:48.697063843Z,7.549950122833252
2025-03-27T04:55:49.701994623Z,9.915000915527344
2025-03-27T04:55:50.677365037Z,5.557950496673584
2025-03-27T04:55:51.637839475Z,4.3470001220703125
2025-03-27T04:55:52.642156328Z,7.8349504470825195
2025-03-27T04:55:53.627161379Z,8.940000534057617
2025-03-27T04:55:54.582621348Z,7.07295036315918
2025-03-27T04:55:55.557356322Z,11.599950790405273
2025-03-27T04:55:56.592311079Z,7.0159502029418945
2025-03-27T04:55:57.482246325Z,7.641000270843506
2025-03-27T04:55:58.477584535Z,8.622000694274902
2025-03-27T04:55:59.477601048Z,7.72005033493042
2025-03-27T04:56:00.437268374Z,7.179000377655029
2025-03-27T04:56:01.417217462Z,13.960050582885742
2025-03-27T04:56:02.422266506Z,5.175000190734863
2025-03-27T04:56:03.402407848Z,11.752950668334961
2025-03-27T04:56:04.382362032Z,7.564050197601318
2025-03-27T04:56:05.322267406Z,10.245000839233398
2025-03-27T04:56:06.478325921Z,9.004950523376465
2025-03-27T04:56:07.345348115Z,7.549950122833252
2025-03-27T04:56:08.304339127Z,11.506050109863281
2025-03-27T04:56:09.304252199Z,7.026000499725342
2025-03-27T04:56:10.263311636Z,13.737000465393066
2025-03-27T04:56:11.326510238Z,6.379050254821777
2025-03-27T04:56:12.348587479Z,8.521950721740723
2025-03-27T04:56:13.198565006Z,7.171950340270996
2025-03-27T04:56:14.198296805Z,9.61500072479248
2025-03-27T04:56:15.179139003Z,9.405000686645508
2025-03-27T04:56:16.258420149Z,8.079000473022461
2025-03-27T04:56:17.218620443Z,9.580050468444824
2025-03-27T04:56:18.178502258Z,5.853000164031982
2025-03-27T04:56:19.138998317Z,14.688000679016113
2025-03-27T04:56:20.138687315Z,5.9509501457214355
2025-03-27T04:56:21.098686409Z,11.140050888061523
2025-03-27T04:56:22.118454504Z,7.297950267791748
2025-03-27T04:56:23.09897686Z,7.89900016784668
2025-03-27T04:56:24.098413237Z,9.532050132751465
2025-03-27T04:56:25.059086631Z,8.392050743103027
2025-03-27T04:56:26.058263294Z,8.392050743103027
2025-03-27T04:56:27.139254583Z,12.148050308227539
2025-03-27T04:56:28.103299823Z,5.118000030517578
2025-03-27T04:56:29.05842174Z,13.182000160217285
2025-03-27T04:56:30.018134836Z,6.907950401306152
2025-03-27T04:56:30.999254639Z,9.976950645446777
2025-03-27T04:56:32.003440208Z,9.32805061340332
2025-03-27T04:56:32.983974293Z,6.21405029296875
2025-03-27T04:56:34.043908494Z,12.796950340270996
2025-03-27T04:56:34.964044936Z,4.656000137329102
2025-03-27T04:56:35.883530175Z,13.669950485229492
2025-03-27T04:56:36.884151176Z,7.777050495147705
2025-03-27T04:56:37.964004011Z,11.088000297546387
2025-03-27T04:56:38.863432924Z,8.536050796508789
2025-03-27T04:56:39.863318247Z,8.469000816345215
2025-03-27T04:56:40.863936958Z,9.052950859069824
2025-03-27T04:56:41.823919283Z,6.778950214385986
2025-03-27T04:56:42.828664677Z,13.54800033569336
2025-03-27T04:56:43.823548651Z,5.632050037384033
2025-03-27T04:56:44.789140374Z,12.748950958251953
2025-03-27T04:56:45.74898364Z,7.5859503746032715
2025-03-27T04:56:46.788550765Z,11.617050170898438
2025-03-27T04:56:47.914554851Z,7.461000442504883
2025-03-27T04:56:48.803932075Z,13.881000518798828
2025-03-27T04:56:49.7640414Z,8.020950317382812
2025-03-27T04:56:50.723688145Z,15.951001167297363
2025-03-27T04:56:51.683381672Z,6.196950435638428
2025-03-27T04:56:52.683991322Z,12.193050384521484
2025-03-27T04:56:53.664107747Z,8.518950462341309
2025-03-27T04:56:54.643601742Z,12.823050498962402
2025-03-27T04:56:55.62369178Z,6.484950542449951
2025-03-27T04:56:56.524151614Z,11.31705093383789
2025-03-27T04:56:57.644050462Z,7.228950500488281
2025-03-27T04:56:58.583440085Z,12.351000785827637
2025-03-27T04:56:59.684787213Z,7.738950252532959
2025-03-27T04:57:00.544040208Z,10.360050201416016
2025-03-27T04:57:01.563999937Z,6.669000148773193
2025-03-27T04:57:02.443876015Z,11.506050109863281
2025-03-27T04:57:03.574775578Z,6.091950416564941
2025-03-27T04:57:04.504108723Z,9.78795051574707
2025-03-27T04:57:05.464059079Z,5.692050457000732
2025-03-27T04:57:06.383548547Z,12.993000984191895
2025-03-27T04:57:07.334244094Z,8.005050659179688
2025-03-27T04:57:08.354141422Z,8.926050186157227
2025-03-27T04:57:09.353538545Z,7.849050521850586
2025-03-27T04:57:10.4345274Z,8.968950271606445
2025-03-27T04:57:11.333812361Z,9.393000602722168
2025-03-27T04:57:12.303209014Z,9.393000602722168
2025-03-27T04:57:13.389402033Z,9.486000061035156
2025-03-27T04:57:14.273692801Z,7.89900016784668
2025-03-27T04:57:15.253749966Z,7.803000450134277
2025-03-27T04:57:16.553638507Z,10.684950828552246
2025-03-27T04:57:17.219631042Z,8.45205020904541
2025-03-27T04:57:18.214308606Z,11.296050071716309
2025-03-27T04:57:19.194697492Z,6.891000270843506
2025-03-27T04:57:20.313588067Z,10.231050491333008
2025-03-27T04:57:21.194481538Z,7.006050109863281
2025-03-27T04:57:22.21400739Z,11.527950286865234
2025-03-27T04:57:23.174216817Z,6.469950199127197
2025-03-27T04:57:24.413248725Z,14.190000534057617
2025-03-27T04:57:26.107233606Z,6.580050468444824
2025-03-27T04:57:26.437546504Z,13.969050407409668
2025-03-27T04:57:27.067280955Z,7.276950359344482
2025-03-27T04:57:28.147409834Z,11.218950271606445
2025-03-27T04:57:29.727326497Z,7.780050277709961
2025-03-27T04:57:30.147144369Z,8.634000778198242
2025-03-27T04:57:31.067552825Z,8.49000072479248
2025-03-27T04:57:32.4671425Z,7.009050369262695
2025-03-27T04:57:33.022249982Z,10.201950073242188
2025-03-27T04:57:34.042518451Z,6.834000110626221
2025-03-27T04:57:35.142235656Z,10.294950485229492
2025-03-27T04:57:35.917564243Z,6.814950466156006
2025-03-27T04:57:36.922449188Z,11.935050964355469
2025-03-27T04:57:37.947300827Z,7.866000175476074
2025-03-27T04:57:38.902716128Z,12.688950538635254
2025-03-27T04:57:39.907311907Z,7.914000511169434
2025-03-27T04:57:40.887325613Z,13.105051040649414
2025-03-27T04:57:41.877467877Z,7.947000503540039
2025-03-27T04:57:42.847336631Z,9.163050651550293
2025-03-27T04:57:43.927310857Z,11.202000617980957
2025-03-27T04:57:44.777571402Z,7.480050563812256
2025-03-27T04:57:45.847387246Z,13.408950805664062
2025-03-27T04:57:46.832525445Z,7.957050323486328
2025-03-27T04:57:47.782368235Z,12.403950691223145
2025-03-27T04:57:48.742331204Z,7.452000141143799
2025-03-27T04:57:49.712254404Z,10.006050109863281
2025-03-27T04:57:50.742395889Z,7.734000205993652
2025-03-27T04:57:51.702170995Z,8.974050521850586
2025-03-27T04:57:52.707363274Z,10.14900016784668
2025-03-27T04:57:53.717390003Z,7.597950458526611
2025-03-27T04:57:54.662475391Z,11.539950370788574
2025-03-27T04:57:55.667510768Z,7.32705020904541
2025-03-27T04:57:56.602353983Z,7.32705020904541
2025-03-27T04:57:57.687363375Z,10.687950134277344
2025-03-27T04:57:58.657260266Z,7.405950546264648
2025-03-27T04:57:59.777339686Z,11.449050903320312
2025-03-27T04:58:00.582950334Z,6.891000270843506
2025-03-27T04:58:01.567268462Z,14.221050262451172
2025-03-27T04:58:02.522256516Z,6.796050548553467
2025-03-27T04:58:03.51728116Z,13.02405071258545
2025-03-27T04:58:04.502799294Z,7.36305046081543
2025-03-27T04:58:05.507257806Z,10.4839506149292
2025-03-27T04:58:06.457313835Z,9.295050621032715
2025-03-27T04:58:07.442669665Z,9.108000755310059
2025-03-27T04:58:08.467387369Z,8.620050430297852
2025-03-27T04:58:09.442313013Z,10.237950325012207
2025-03-27T04:58:10.422452048Z,10.269000053405762
2025-03-27T04:58:11.417232061Z,6.439050197601318
2025-03-27T04:58:12.422240039Z,10.94205093383789
2025-03-27T04:58:13.387201527Z,9.301950454711914
2025-03-27T04:58:14.367156913Z,11.19795036315918
2025-03-27T04:58:15.337610043Z,8.112000465393066
2025-03-27T04:58:16.342215352Z,10.336050033569336
2025-03-27T04:58:17.302387611Z,6.643050193786621
2025-03-27T04:58:18.307602142Z,12.355950355529785
2025-03-27T04:58:19.302687117Z,4.299000263214111
2025-03-27T04:58:20.282435698Z,10.981950759887695
2025-03-27T04:58:21.262458546Z,9.187050819396973
2025-03-27T04:58:22.26713847Z,10.288050651550293
2025-03-27T04:58:23.222243662Z,6.063000202178955
2025-03-27T04:58:24.227500598Z,10.968000411987305
2025-03-27T04:58:25.202413049Z,7.240950107574463
2025-03-27T04:58:26.187273512Z,11.821950912475586
2025-03-27T04:58:27.182281229Z,2.4970500469207764
2025-03-27T04:58:28.147218266Z,-1.4110500812530518
2025-03-27T04:58:29.142268634Z,-0.2530499994754791
2025-03-27T04:58:30.112352513Z,1.977000117301941
2025-03-27T04:58:31.127269337Z,6.736050128936768
2025-03-27T04:58:32.082356423Z,7.782000541687012
2025-03-27T04:58:33.064867985Z,9
2025-03-27T04:58:34.042256128Z,8.47605037689209
2025-03-27T04:58:35.022173171Z,9.760950088500977
2025-03-27T04:58:36.047344612Z,6.094050407409668
2025-03-27T04:58:37.047295845Z,8.964000701904297
2025-03-27T04:58:38.017533624Z,9.414000511169434
2025-03-27T04:58:39.002398092Z,9.187050819396973
2025-03-27T04:58:40.002543437Z,9.32295036315918
2025-03-27T04:58:40.987353535Z,9.268050193786621
2025-03-27T04:58:41.96774077Z,9.268050193786621
2025-03-27T04:58:42.94783824Z,12.931050300598145
2025-03-27T04:58:43.907211664Z,8.095050811767578
2025-03-27T04:58:44.892586229Z,11.983050346374512
2025-03-27T04:58:45.863016538Z,9.096000671386719
2025-03-27T04:58:46.882347187Z,10.94205093383789
2025-03-27T04:58:47.822298052Z,7.348950386047363
2025-03-27T04:58:48.862182561Z,13.515000343322754
2025-03-27T04:58:49.812377811Z,7.368000507354736
2025-03-27T04:58:50.77499488Z,10.053000450134277
2025-03-27T04:58:51.781219384Z,9.094050407409668
2025-03-27T04:58:52.754817531Z,9.067049980163574
2025-03-27T04:58:53.715353894Z,10.851000785827637
2025-03-27T04:58:54.675433347Z,9.127050399780273
2025-03-27T04:58:55.684960235Z,6.963000297546387
2025-03-27T04:58:56.675230919Z,7.528050422668457
2025-03-27T04:58:57.644768724Z,8.9239501953125
2025-03-27T04:58:58.595164643Z,9.120000839233398
2025-03-27T04:58:59.556643054Z,10.065000534057617
2025-03-27T04:59:00.535151211Z,7.803000450134277
2025-03-27T04:59:01.525018281Z,8.871000289916992
2025-03-27T04:59:02.51494498Z,10.390950202941895
2025-03-27T04:59:03.475032586Z,8.766000747680664
2025-03-27T04:59:04.436696183Z,8.51205062866211
2025-03-27T04:59:05.414915165Z,9.160950660705566
2025-03-27T04:59:06.404919439Z,12.241050720214844
2025-03-27T04:59:07.396455132Z,10.810050964355469
2025-03-27T04:59:08.354664311Z,8.838000297546387
2025-03-27T04:59:09.334702351Z,9.859950065612793
2025-03-27T04:59:10.29547149Z,11.236050605773926
2025-03-27T04:59:11.445671301Z,9.390000343322754
2025-03-27T04:59:12.295217793Z,8.425950050354004
2025-03-27T04:59:13.251240446Z,9.189000129699707
2025-03-27T04:59:14.20117068Z,9.820950508117676
2025-03-27T04:59:18.442341952Z,9.979050636291504
2025-03-27T04:59:18.443836221Z,9.979050636291504
2025-03-27T04:59:18.445519763Z,6.880050182342529
2025-03-27T04:59:18.80243846Z,13.83495044708252
2025-03-27T04:59:19.092880425Z,8.19105052947998
2025-03-27T04:59:20.142160243Z,15.066000938415527
2025-03-27T04:59:21.08739826Z,7.207050323486328
2025-03-27T04:59:22.087219049Z,12.552000999450684
2025-03-27T04:59:23.067294841Z,8.449950218200684
2025-03-27T04:59:24.182598862Z,6.6469502449035645
2025-03-27T04:59:25.052702547Z,9.36405086517334
2025-03-27T04:59:26.017520495Z,7.806000232696533
2025-03-27T04:59:27.017424647Z,8.208000183105469
2025-03-27T04:59:28.012595934Z,7.32705020904541
2025-03-27T04:59:29.032174027Z,11.937000274658203
2025-03-27T04:59:30.022568256Z,4.965000152587891
2025-03-27T04:59:30.957300219Z,10.45995044708252
2025-03-27T04:59:31.927331169Z,7.320000171661377
2025-03-27T04:59:32.912619766Z,11.842050552368164
2025-03-27T04:59:33.907152092Z,8.869050025939941
2025-03-27T04:59:34.97216925Z,11.62605094909668
2025-03-27T04:59:35.947259143Z,6.544050216674805
2025-03-27T04:59:36.907605561Z,10.72095012664795
2025-03-27T04:59:37.872284945Z,8.304000854492188
2025-03-27T04:59:38.9125169Z,11.688000679016113
2025-03-27T04:59:39.822620577Z,8.622000694274902
2025-03-27T04:59:40.788537108Z,10.111050605773926
2025-03-27T04:59:41.787205147Z,7.722000598907471
2025-03-27T04:59:42.767171928Z,7.735950469970703
2025-03-27T04:59:43.762226311Z,7.528050422668457
2025-03-27T04:59:44.722790718Z,0.7470000386238098
2025-03-27T04:59:45.682412027Z,-3.702000141143799
2025-03-27T04:59:46.692284735Z,-4.743000030517578
2025-03-27T04:59:47.692497897Z,3.0739500522613525
2025-03-27T04:59:48.667433341Z,-3.034050226211548
2025-03-27T04:59:49.802562765Z,7.152000427246094
2025-03-27T04:59:50.657392618Z,6.397950172424316
2025-03-27T04:59:51.637624517Z,8.404050827026367
2025-03-27T04:59:52.642354872Z,10.278000831604004
2025-03-27T04:59:53.627303732Z,7.369950294494629
2025-03-27T04:59:54.592881571Z,8.938050270080566
2025-03-27T04:59:55.542576762Z,7.011000156402588
2025-03-27T04:59:56.552430873Z,11.575950622558594
2025-03-27T04:59:57.532543062Z,5.625000476837158
2025-03-27T04:59:58.507127555Z,11.989950180053711
2025-03-27T04:59:59.512247696Z,6.741000175476074
2025-03-27T05:00:00.487211422Z,9.61305046081543
2025-03-27T05:00:01.467301642Z,9.61305046081543
2025-03-27T05:00:02.512218197Z,4.222949981689453
2025-03-27T05:00:03.642272085Z,7.480050563812256
2025-03-27T05:00:04.462537839Z,8.647950172424316
2025-03-27T05:00:05.422270027Z,7.533000469207764
2025-03-27T05:00:06.467384023Z,9.56505012512207
2025-03-27T05:00:07.512301344Z,7.866000175476074
2025-03-27T05:00:08.417661401Z,12.490050315856934
2025-03-27T05:00:09.472127002Z,6.59505033493042
2025-03-27T05:00:10.387257993Z,14.67300033569336
2025-03-27T05:00:11.322331779Z,6.880050182342529
2025-03-27T05:00:12.317356152Z,9.814050674438477
2025-03-27T05:00:13.317236078Z,12.835050582885742
2025-03-27T05:00:14.337714297Z,5.589000225067139
2025-03-27T05:00:15.262286294Z,13.134000778198242
2025-03-27T05:00:16.272440846Z,6.681000232696533
2025-03-27T05:00:17.232321553Z,12.250950813293457
2025-03-27T05:00:18.282377684Z,7.990050315856934
2025-03-27T05:00:19.282747966Z,13.345050811767578
2025-03-27T05:00:20.212309851Z,7.558950424194336
2025-03-27T05:00:21.297706976Z,9.028950691223145
2025-03-27T05:00:22.183058503Z,7.702950477600098
2025-03-27T05:00:23.162323587Z,11.719050407409668
2025-03-27T05:00:24.152279367Z,7.918050289154053
2025-03-27T05:00:25.162096977Z,9.702000617980957
2025-03-27T05:00:26.097767269Z,8.931000709533691
2025-03-27T05:00:27.323125122Z,8.548050880432129
2025-03-27T05:00:28.142090368Z,9.424050331115723
2025-03-27T05:00:29.112258906Z,8.9239501953125
2025-03-27T05:00:30.087519205Z,11.320050239562988
2025-03-27T05:00:31.05225868Z,7.131000518798828
2025-03-27T05:00:32.107055507Z,12.10995101928711
2025-03-27T05:00:33.077390242Z,6.865050315856934
2025-03-27T05:00:40.542278764Z,7.297950267791748
2025-03-27T05:00:40.56221884Z,8.383049964904785
2025-03-27T05:00:40.577139179Z,4.680000305175781
2025-03-27T05:00:40.578620616Z,13.474050521850586
2025-03-27T05:00:40.58721247Z,2.8510501384735107
2025-03-27T05:00:40.602225524Z,5.647050380706787
2025-03-27T05:00:41.047167367Z,9.343050003051758
2025-03-27T05:00:41.097989903Z,4.419000148773193
2025-03-27T05:00:44.207236875Z,11.917950630187988
2025-03-27T05:00:44.247292495Z,6.403050422668457
2025-03-27T05:00:44.922436084Z,8.059950828552246
2025-03-27T05:00:45.217670503Z,10.611000061035156
2025-03-27T05:00:45.852330014Z,4.692000389099121
2025-03-27T05:00:46.752462765Z,11.095050811767578
2025-03-27T05:00:50.493374872Z,11.095050811767578
2025-03-27T05:00:50.495166935Z,4.969050407409668
2025-03-27T05:00:51.468167589Z,8.518950462341309
2025-03-27T05:00:51.469843483Z,12.664950370788574
2025-03-27T05:00:51.944281339Z,8.086050033569336
2025-03-27T05:00:52.634693123Z,11.341050148010254
2025-03-27T05:00:53.624279923Z,5.202000141143799
2025-03-27T05:00:54.598572325Z,10.872000694274902
2025-03-27T05:00:55.819578978Z,9.630000114440918
2025-03-27T05:00:56.619045548Z,7.1569504737854
2025-03-27T05:00:57.664355814Z,16.62900161743164
2025-03-27T05:00:58.623688832Z,6.655050277709961
2025-03-27T05:00:59.583335623Z,9.181950569152832
2025-03-27T05:01:00.573973635Z,14.199000358581543
2025-03-27T05:01:01.544403894Z,6.829050540924072
2025-03-27T05:01:02.503323963Z,7.726950168609619
2025-03-27T05:01:03.508886681Z,12.166950225830078
2025-03-27T05:01:04.499075406Z,2.284050226211548
2025-03-27T05:01:05.48406937Z,10.44105052947998
2025-03-27T05:01:06.483506267Z,8.395050048828125
2025-03-27T05:01:07.544634191Z,8.242050170898438
2025-03-27T05:01:08.503860428Z,12.519001007080078
2025-03-27T05:01:09.463902639Z,8.578950881958008
2025-03-27T05:01:10.423346394Z,5.403000354766846
2025-03-27T05:01:11.423650328Z,11.60205078125
2025-03-27T05:01:12.379768836Z,5.530050277709961
2025-03-27T05:01:13.357980305Z,10.039050102233887
2025-03-27T05:01:14.359199574Z,7.945050239562988
2025-03-27T05:01:15.338489775Z,5.599050045013428
2025-03-27T05:01:16.318436472Z,11.238000869750977
2025-03-27T05:01:17.438817181Z,6.66195011138916
2025-03-27T05:01:18.299417597Z,11.643000602722168
2025-03-27T05:01:19.358796437Z,5.331000328063965
2025-03-27T05:01:20.3384991Z,13.303950309753418
2025-03-27T05:01:21.259131076Z,5.848050117492676
2025-03-27T05:01:22.279091565Z,8.397000312805176
2025-03-27T05:01:23.241727327Z,9.232050895690918
2025-03-27T05:01:24.303545175Z,5.93595027923584
2025-03-27T05:01:25.564448604Z,8.878050804138184
2025-03-27T05:01:26.192451479Z,4.336950302124023
2025-03-27T05:01:27.187140847Z,11.620950698852539
2025-03-27T05:01:28.201161744Z,6.826950550079346
2025-03-27T05:01:31.137455212Z,6.30495023727417
2025-03-27T05:01:31.202256927Z,6.865050315856934
2025-03-27T05:01:31.640254639Z,4.933050155639648
2025-03-27T05:01:32.121141178Z,4.933050155639648
2025-03-27T05:01:33.350147015Z,10.879050254821777
2025-03-27T05:01:34.211675526Z,6.954000473022461
2025-03-27T05:01:35.014989618Z,7.519050121307373
2025-03-27T05:01:36.002085513Z,6.184950351715088
2025-03-27T05:01:36.992102174Z,4.266000270843506
2025-03-27T05:01:37.964336533Z,8.71500015258789
2025-03-27T05:01:39.003952175Z,8.505000114440918
2025-03-27T05:01:39.965128814Z,6.60705041885376
2025-03-27T05:01:40.893112856Z,12.933000564575195
2025-03-27T05:01:41.88723698Z,4.302000045776367
2025-03-27T05:01:42.832321954Z,6.601950168609619
2025-03-27T05:01:43.812421122Z,6.232950210571289
2025-03-27T05:01:44.893304116Z,3.4110002517700195
2025-03-27T05:01:45.761213143Z,14.733000755310059
2025-03-27T05:01:46.850108529Z,6.8580002784729
2025-03-27T05:01:47.80234628Z,8.011950492858887
2025-03-27T05:01:48.764622151Z,13.017000198364258
2025-03-27T05:01:49.931059937Z,5.209050178527832
2025-03-27T05:01:50.915139292Z,12.165000915527344
2025-03-27T05:01:51.680329029Z,5.410050392150879
2025-03-27T05:01:52.792915392Z,6.552000522613525
2025-03-27T05:01:53.662083325Z,10.450950622558594
2025-03-27T05:01:54.632327443Z,6.051000118255615
2025-03-27T05:01:56.242055858Z,7.5859503746032715
2025-03-27T05:01:57.622161942Z,9.223050117492676
2025-03-27T05:01:58.107204899Z,5.764050483703613
2025-03-27T05:01:59.001984925Z,15.073050498962402
2025-03-27T05:02:00.142288591Z,7.726950168609619
2025-03-27T05:02:00.55736545Z,4.984050273895264
2025-03-27T05:02:01.542133766Z,9.51300048828125
2025-03-27T05:02:02.802193696Z,6.283950328826904
2025-03-27T05:02:03.907211076Z,11.494050979614258
2025-03-27T05:02:04.582101543Z,6.361950397491455
2025-03-27T05:02:05.502325445Z,11.140050888061523
2025-03-27T05:02:06.487273204Z,5.455050468444824
2025-03-27T05:02:07.467188834Z,8.97195053100586
2025-03-27T05:02:08.462127424Z,9.92400074005127
2025-03-27T05:02:09.402119209Z,4.948050022125244
2025-03-27T05:02:10.422234095Z,10.360050201416016
2025-03-27T05:02:11.422546431Z,10.360050201416016
2025-03-27T05:02:12.382430182Z,4.861950397491455
2025-03-27T05:02:13.427864615Z,9.472050666809082
2025-03-27T05:02:14.302173426Z,8.991000175476074
2025-03-27T05:02:15.357339474Z,5.56095027923584
2025-03-27T05:02:16.367166567Z,11.87505054473877
2025-03-27T05:02:17.372451017Z,6.439050197601318
2025-03-27T05:02:18.322189583Z,8.863950729370117
2025-03-27T05:02:19.297302683Z,8.218050003051758
2025-03-27T05:02:20.292316306Z,5.874000072479248
2025-03-27T05:02:21.282275743Z,12.804000854492188
2025-03-27T05:02:22.262220049Z,8.257950782775879
2025-03-27T05:02:23.242152306Z,5.319000244140625
2025-03-27T05:02:24.297553951Z,11.533050537109375
2025-03-27T05:02:25.202361948Z,7.645050525665283
2025-03-27T05:02:26.342135053Z,6.298050403594971
2025-03-27T05:02:27.287201921Z,11.607000350952148
2025-03-27T05:02:28.182315841Z,4.2109503746032715
2025-03-27T05:02:29.147171572Z,9.60105037689209
2025-03-27T05:02:30.122699329Z,9.361950874328613
2025-03-27T05:02:31.102349039Z,6.694950103759766
2025-03-27T05:02:32.082328103Z,13.053000450134277
2025-03-27T05:02:33.082389106Z,7.31505012512207
2025-03-27T05:02:34.037599485Z,9.826050758361816
2025-03-27T05:02:35.162567754Z,11.937000274658203
2025-03-27T05:02:35.997343788Z,7.231050491333008
2025-03-27T05:02:37.062249445Z,12.564000129699707
2025-03-27T05:02:38.082312994Z,5.620050430297852
2025-03-27T05:02:39.027189607Z,11.149950981140137
2025-03-27T05:02:39.95734377Z,8.039999961853027
2025-03-27T05:02:41.062446589Z,9.988950729370117
2025-03-27T05:02:42.06218948Z,7.906050205230713
2025-03-27T05:02:43.032302246Z,8.818050384521484
2025-03-27T05:02:43.862380369Z,12.385050773620605
2025-03-27T05:02:44.90231816Z,6.288000106811523
2025-03-27T05:02:45.852362525Z,15.070950508117676
2025-03-27T05:02:46.98211681Z,4.431000232696533
2025-03-27T05:02:47.822455706Z,11.81505012512207
2025-03-27T05:02:48.822266574Z,7.61400032043457
2025-03-27T05:02:49.762234926Z,11.353050231933594
2025-03-27T05:02:50.772325573Z,7.381950378417969
2025-03-27T05:02:51.702388997Z,12.35400104522705
2025-03-27T05:02:52.722395902Z,11.1739501953125
2025-03-27T05:02:53.702184541Z,7.758000373840332
2025-03-27T05:02:54.667355934Z,11.920950889587402
2025-03-27T05:02:55.662313874Z,11.920950889587402
2025-03-27T05:02:56.672757805Z,7.2360005378723145
2025-03-27T05:02:57.622301762Z,9.75195026397705
2025-03-27T05:02:58.602472356Z,11.029950141906738
2025-03-27T05:02:59.582132859Z,7.312950134277344
2025-03-27T05:03:00.582227169Z,12.511950492858887
2025-03-27T05:03:01.56752221Z,7.710000514984131
2025-03-27T05:03:02.542306203Z,9
2025-03-27T05:03:03.622324578Z,10.111050605773926
2025-03-27T05:03:04.583998148Z,5.002950191497803
2025-03-27T05:03:05.547343299Z,12.93795108795166
2025-03-27T05:03:06.502180034Z,8.641050338745117
2025-03-27T05:03:07.502438931Z,7.485000133514404
2025-03-27T05:03:08.482396696Z,16.839000701904297
2025-03-27T05:03:09.462406404Z,5.7900004386901855
2025-03-27T05:03:10.635684492Z,8.622000694274902
2025-03-27T05:03:11.416245824Z,10.642050743103027
2025-03-27T05:03:12.486463139Z,6.552000522613525
2025-03-27T05:03:13.447482527Z,4.085999965667725
2025-03-27T05:03:14.406827806Z,10.231050491333008
2025-03-27T05:03:15.377011865Z,4.026000022888184
2025-03-27T05:03:16.356590553Z,11.731050491333008
2025-03-27T05:03:17.34677189Z,9.832950592041016
2025-03-27T05:03:18.307290716Z,6.054000377655029
2025-03-27T05:03:19.306736704Z,12.99000072479248
2025-03-27T05:03:20.276327465Z,6.106050491333008
2025-03-27T05:03:21.276611255Z,10.027050018310547
2025-03-27T05:03:22.256402599Z,10.267050743103027
2025-03-27T05:03:23.216377571Z,6.8359503746032715
2025-03-27T05:03:24.210274804Z,11.467950820922852
2025-03-27T05:03:25.210368005Z,6.087000370025635
2025-03-27T05:03:27.178530013Z,11.985000610351562
2025-03-27T05:03:28.185444869Z,7.555050373077393
2025-03-27T05:03:29.383109765Z,9.759000778198242
2025-03-27T05:03:30.626476277Z,6.30495023727417
2025-03-27T05:03:32.74749046Z,10.297950744628906
2025-03-27T05:03:33.241096533Z,7.059000492095947
2025-03-27T05:03:33.790332568Z,7.425000190734863
2025-03-27T05:03:34.833892391Z,8.789999961853027
2025-03-27T05:03:35.703950654Z,8.20305061340332
2025-03-27T05:03:35.764729341Z,10.44795036315918
2025-03-27T05:03:36.909321384Z,8.397000312805176
2025-03-27T05:03:37.926548221Z,9.063000679016113
2025-03-27T05:03:38.736288091Z,11.212050437927246
2025-03-27T05:03:39.661915898Z,7.090050220489502
2025-03-27T05:03:40.522529437Z,8.032950401306152
2025-03-27T05:03:41.813930218Z,6.7860002517700195
2025-03-27T05:03:42.589241085Z,11.538000106811523
2025-03-27T05:03:43.556634382Z,11.538000106811523
2025-03-27T05:03:44.482310029Z,18.40005111694336
2025-03-27T05:03:45.330821999Z,8.35200023651123
2025-03-27T05:03:46.482006058Z,8.36400032043457
2025-03-27T05:03:47.075977195Z,8.827950477600098
2025-03-27T05:03:47.900521016Z,6.159000396728516
2025-03-27T05:03:48.893410017Z,9.529050827026367
2025-03-27T05:03:49.889489367Z,9.079050064086914
2025-03-27T05:03:50.852526335Z,11.145000457763672
2025-03-27T05:03:51.840733228Z,7.215000152587891
2025-03-27T05:03:52.915593999Z,7.906050205230713
2025-03-27T05:03:53.818221884Z,11.523000717163086
2025-03-27T05:03:54.810718384Z,7.4160003662109375
2025-03-27T05:03:55.840685247Z,9.529050827026367
2025-03-27T05:03:56.818699784Z,8.884950637817383
2025-03-27T05:03:57.797815687Z,8.713050842285156
2025-03-27T05:03:58.766282555Z,8.938050270080566
2025-03-27T05:03:59.729935136Z,9.189000129699707
2025-03-27T05:04:00.719709894Z,9.735000610351562
2025-03-27T05:04:01.718715762Z,8.467050552368164
2025-03-27T05:04:02.711426744Z,8.896950721740723
2025-03-27T05:04:03.705533483Z,9.630000114440918
2025-03-27T05:04:04.678409555Z,8.93595027923584
2025-03-27T05:04:05.681310252Z,9.070050239562988
2025-03-27T05:04:06.67088517Z,8.91195011138916
2025-03-27T05:04:07.749808144Z,8.45895004272461
2025-03-27T05:04:08.644734205Z,10.513050079345703
2025-03-27T05:04:09.657139352Z,9.493050575256348
2025-03-27T05:04:10.59096705Z,9.297000885009766
2025-03-27T05:04:11.601727064Z,11.121000289916992
2025-03-27T05:04:12.734251188Z,9.276000022888184
2025-03-27T05:04:13.626983158Z,11.26200008392334
2025-03-27T05:04:14.63218841Z,8.395050048828125
2025-03-27T05:04:15.876471227Z,8.754000663757324
2025-03-27T05:04:16.725204434Z,8.821050643920898
2025-03-27T05:04:17.555774647Z,8.605050086975098
2025-03-27T05:04:18.473677967Z,8.851950645446777
2025-03-27T05:04:19.491042701Z,8.998050689697266
2025-03-27T05:04:20.448319458Z,6.472950458526611
2025-03-27T05:04:21.433847246Z,2.908050060272217
2025-03-27T05:04:22.41906149Z,-1.380000114440918
2025-03-27T05:04:23.39885947Z,0.9769500494003296
2025-03-27T05:04:24.360457026Z,-1.224000096321106
2025-03-27T05:04:25.35846918Z,-1.224000096321106
2025-03-27T05:04:26.332407412Z,9.619950294494629
2025-03-27T05:04:27.328831151Z,7.660050392150879
2025-03-27T05:04:28.300216344Z,7.990050315856934
2025-03-27T05:04:29.30625016Z,8.116950035095215
2025-03-27T05:04:30.268903944Z,9.84000015258789
2025-03-27T05:04:31.238119702Z,9.268050193786621
2025-03-27T05:04:32.239379382Z,8.494950294494629
2025-03-27T05:04:33.229417587Z,8.610000610351562
2025-03-27T05:04:34.273500687Z,9.559950828552246
2025-03-27T05:04:35.234901208Z,14.709000587463379
2025-03-27T05:04:36.372662568Z,8.480999946594238
2025-03-27T05:04:37.281083439Z,10.696950912475586
2025-03-27T05:04:38.189615221Z,5.673000335693359
2025-03-27T05:04:39.185305676Z,9.22800064086914
2025-03-27T05:04:40.164162683Z,9.381000518798828
2025-03-27T05:04:41.215889228Z,10.276050567626953
2025-03-27T05:04:42.278882394Z,6.264000415802002
2025-03-27T05:04:43.196207394Z,8.45205020904541
2025-03-27T05:04:44.07895674Z,9.580050468444824
2025-03-27T05:04:45.084593921Z,11.650050163269043
2025-03-27T05:04:46.110780941Z,11.29800033569336
2025-03-27T05:04:47.107123614Z,8.998050689697266
2025-03-27T05:04:48.036139702Z,9.288000106811523
2025-03-27T05:04:49.088918352Z,9.235050201416016
2025-03-27T05:04:50.089922288Z,7.897050380706787
2025-03-27T05:04:50.961130573Z,7.480050563812256
2025-03-27T05:04:51.983367651Z,15.169051170349121
2025-03-27T05:04:52.916481015Z,6.841050148010254
2025-03-27T05:04:53.888263612Z,7.485000133514404
2025-03-27T05:04:54.88938131Z,11.893950462341309
2025-03-27T05:04:56.160936152Z,7.999950408935547
2025-03-27T05:04:56.861683537Z,9.22800064086914
2025-03-27T05:04:57.869906889Z,8.17199993133545
2025-03-27T05:04:58.846611306Z,8.851950645446777
2025-03-27T05:04:59.848918903Z,12.90000057220459
2025-03-27T05:05:00.819458923Z,7.498950481414795
2025-03-27T05:05:01.823056675Z,7.569000244140625
2025-03-27T05:05:02.788516595Z,8.986050605773926
2025-03-27T05:05:03.750595381Z,8.032950401306152
2025-03-27T05:05:04.756974121Z,7.642950534820557
2025-03-27T05:05:05.73682822Z,7.423050403594971
2025-03-27T05:05:06.769836135Z,8.794050216674805
2025-03-27T05:05:07.728908662Z,7.921050548553467
2025-03-27T05:05:08.698992538Z,7.7749505043029785
2025-03-27T05:05:09.712271323Z,11.406000137329102
2025-03-27T05:05:10.669232142Z,11.406000137329102
2025-03-27T05:05:11.662674344Z,10.128000259399414
2025-03-27T05:05:12.643250449Z,8.695950508117676
2025-03-27T05:05:13.649675469Z,9.706050872802734
2025-03-27T05:05:14.637160288Z,8.869050025939941
2025-03-27T05:05:15.624699378Z,9.630000114440918
2025-03-27T05:05:16.602315618Z,8.755949974060059
2025-03-27T05:05:17.591265621Z,8.839950561523438
2025-03-27T05:05:18.559649645Z,8.584050178527832
2025-03-27T05:05:19.56884997Z,9.94800090789795
2025-03-27T05:05:20.554424453Z,9.484050750732422
2025-03-27T05:05:21.588537098Z,9.040950775146484
2025-03-27T05:05:22.56570115Z,9.034049987792969
2025-03-27T05:05:23.643732086Z,10.044000625610352
2025-03-27T05:05:24.524011063Z,9.562950134277344
2025-03-27T05:05:25.472547556Z,10.177950859069824
2025-03-27T05:05:26.482694527Z,10.61400032043457
2025-03-27T05:05:27.428631064Z,9.946050643920898
2025-03-27T05:05:28.399006016Z,9.285000801086426
2025-03-27T05:05:29.413896355Z,9.529050827026367
2025-03-27T05:05:30.399494685Z,9.726000785827637
2025-03-27T05:05:31.368700745Z,9.541050910949707
2025-03-27T05:05:32.38029128Z,10.282950401306152
2025-03-27T05:05:33.365985093Z,9.36405086517334
2025-03-27T05:05:34.388639863Z,8.086050033569336
2025-03-27T05:05:35.319185335Z,9.406949996948242
2025-03-27T05:05:36.469395081Z,9.337950706481934
2025-03-27T05:05:37.281426956Z,9.175050735473633
2025-03-27T05:05:38.28342139Z,9.714000701904297
2025-03-27T05:05:39.279709152Z,9.268050193786621
2025-03-27T05:05:40.2633772Z,9.256050109863281
2025-03-27T05:05:41.244983434Z,9.333000183105469
2025-03-27T05:05:42.340792891Z,9.30405044555664
2025-03-27T05:05:43.193515852Z,9.283050537109375
2025-03-27T05:05:44.16903292Z,9.33495044708252
2025-03-27T05:05:45.171546651Z,9.309000015258789
2025-03-27T05:05:46.2412709Z,9.433950424194336
2025-03-27T05:05:47.147024325Z,9.357000350952148
2025-03-27T05:05:48.12370198Z,9.05505084991455
2025-03-27T05:05:49.175470371Z,10.906050682067871
2025-03-27T05:05:50.191719574Z,7.026000499725342
2025-03-27T05:05:51.21737116Z,7.549950122833252
2025-03-27T05:05:52.046826547Z,9.523950576782227
2025-03-27T05:05:53.107380813Z,9.784950256347656
2025-03-27T05:05:54.032948991Z,10.282950401306152
2025-03-27T05:05:55.025084244Z,9.205950736999512
2025-03-27T05:05:56.219356815Z,9.205950736999512
2025-03-27T05:05:57.020016727Z,8.601000785827637
2025-03-27T05:05:57.969731207Z,8.494950294494629
2025-03-27T05:05:58.979451416Z,10.092000007629395
2025-03-27T05:05:59.969541582Z,9.742050170898438
2025-03-27T05:06:00.991457439Z,9.663000106811523
2025-03-27T05:06:02.060733407Z,9.57705020904541
2025-03-27T05:06:02.950095672Z,6.7669501304626465
2025-03-27T05:06:04.005850102Z,9.109950065612793
2025-03-27T05:06:05.030997048Z,8.313000679016113
2025-03-27T05:06:05.913134014Z,7.969050407409668
2025-03-27T05:06:06.880072206Z,7.951950550079346
2025-03-27T05:06:07.872031226Z,9.0600004196167
2025-03-27T05:06:09.031685109Z,8.998050689697266
2025-03-27T05:06:09.956046808Z,8.17905044555664
2025-03-27T05:06:11.213768944Z,9.063000679016113
2025-03-27T05:06:12.173751016Z,9.034049987792969
2025-03-27T05:06:13.278841101Z,8.785050392150879
2025-03-27T05:06:14.336371824Z,8.44694995880127
2025-03-27T05:06:14.979798085Z,8.158050537109375
2025-03-27T05:06:16.011167844Z,9.574950218200684
2025-03-27T05:06:16.798241704Z,9.337950706481934
2025-03-27T05:06:17.821640412Z,9.820950508117676
2025-03-27T05:06:18.678432838Z,9.367050170898438
2025-03-27T05:06:19.726423262Z,8.344050407409668
2025-03-27T05:06:20.698243314Z,8.952000617980957
2025-03-27T05:06:21.697847274Z,8.622000694274902
2025-03-27T05:06:22.769086676Z,9.0600004196167
2025-03-27T05:06:23.665245476Z,8.815950393676758
2025-03-27T05:06:24.590541085Z,8.68005084991455
2025-03-27T05:06:25.585073932Z,8.814000129699707
2025-03-27T05:06:26.572706784Z,8.70300006866455
2025-03-27T05:06:27.661351912Z,8.734950065612793
2025-03-27T05:06:28.597498747Z,8.718000411987305
2025-03-27T05:06:29.526460782Z,8.586000442504883
2025-03-27T05:06:30.568451323Z,9.390000343322754
2025-03-27T05:06:31.499597175Z,8.822999954223633
2025-03-27T05:06:32.474777023Z,8.692049980163574
2025-03-27T05:06:33.610558646Z,8.068950653076172
2025-03-27T05:06:34.439751165Z,8.995050430297852
2025-03-27T05:06:35.415707764Z,5.620050430297852
2025-03-27T05:06:36.418896204Z,7.693050384521484
2025-03-27T05:06:37.398955038Z,9.808950424194336
2025-03-27T05:06:38.370956038Z,9.808950424194336
2025-03-27T05:06:39.382698979Z,7.642950534820557
2025-03-27T05:06:40.36683785Z,6.268950462341309
2025-03-27T05:06:41.341338838Z,5.673000335693359
2025-03-27T05:06:42.308755723Z,7.594950199127197
2025-03-27T05:06:43.312832418Z,11.278950691223145
2025-03-27T05:06:44.386027386Z,7.938000202178955
2025-03-27T05:06:45.301609628Z,9.424050331115723
2025-03-27T05:06:46.413777105Z,9.172950744628906
2025-03-27T05:06:47.272414709Z,11.947050094604492
2025-03-27T05:06:48.281653045Z,10.527000427246094
2025-03-27T05:06:49.246582373Z,9.259050369262695
2025-03-27T05:06:50.245181671Z,8.410950660705566
2025-03-27T05:06:51.200381421Z,10.309950828552246
2025-03-27T05:06:52.160122331Z,10.498950958251953
2025-03-27T05:06:53.202904115Z,9.63900089263916
2025-03-27T05:06:54.15188179Z,9.457050323486328
2025-03-27T05:06:55.133964409Z,8.893050193786621
2025-03-27T05:06:56.09980281Z,9.739950180053711
2025-03-27T05:06:57.098690198Z,10.384050369262695
2025-03-27T05:06:58.078677406Z,10.909950256347656
2025-03-27T05:06:59.059755113Z,9.430950164794922
2025-03-27T05:07:00.083846327Z,10.255050659179688
2025-03-27T05:07:01.04908766Z,9.85200023651123
2025-03-27T05:07:02.010535098Z,10.336050033569336
2025-03-27T05:07:03.089858074Z,7.522950172424316
2025-03-27T05:07:04.011577399Z,7.894050598144531
2025-03-27T05:07:05.025519835Z,12.2920503616333
2025-03-27T05:07:05.980228278Z,7.260000228881836
2025-03-27T05:07:06.964239035Z,9.80505084991455
2025-03-27T05:07:07.962216437Z,8.277000427246094
2025-03-27T05:07:08.943924336Z,8.72700023651123
2025-03-27T05:07:09.964238728Z,10.234950065612793
2025-03-27T05:07:10.904612374Z,9.34005069732666
2025-03-27T05:07:11.871019636Z,8.598000526428223
2025-03-27T05:07:12.876933976Z,8.560050010681152
2025-03-27T05:07:13.997950153Z,9.718050003051758
2025-03-27T05:07:14.827447622Z,9.076950073242188
2025-03-27T05:07:15.88729951Z,8.791950225830078
2025-03-27T05:07:16.82746008Z,7.495050430297852
2025-03-27T05:07:17.792260121Z,8.683950424194336
2025-03-27T05:07:18.787326606Z,9.04800033569336
2025-03-27T05:07:19.792506732Z,7.839000225067139
2025-03-27T05:07:20.727354235Z,9.153000831604004
2025-03-27T05:07:21.73226863Z,9.153000831604004
2025-03-27T05:07:22.767535944Z,10.177950859069824
2025-03-27T05:07:23.707339016Z,11.674050331115723
2025-03-27T05:07:24.68725317Z,6.832050323486328
2025-03-27T05:07:25.692315561Z,9.508050918579102
2025-03-27T05:07:26.647399935Z,9.859950065612793
2025-03-27T05:07:27.66750579Z,7.794000148773193
2025-03-27T05:07:28.647489551Z,10.696950912475586
2025-03-27T05:07:29.64733074Z,7.140000343322754
2025-03-27T05:07:30.607394661Z,10.300050735473633
2025-03-27T05:07:31.607622377Z,8.392050743103027
2025-03-27T05:07:32.567586813Z,8.857050895690918
2025-03-27T05:07:33.578126585Z,9.367050170898438
2025-03-27T05:07:34.56744511Z,9.139050483703613
2025-03-27T05:07:35.52735682Z,8.785050392150879
2025-03-27T05:07:36.522590795Z,7.738950252532959
2025-03-27T05:07:37.507625123Z,7.863000392913818
2025-03-27T05:07:38.487830962Z,8.767950057983398
2025-03-27T05:07:39.468290863Z,12.634050369262695
2025-03-27T05:07:40.447504061Z,7.336950302124023
2025-03-27T05:07:41.457351709Z,11.746050834655762
2025-03-27T05:07:42.447366846Z,6.820050239562988
2025-03-27T05:07:43.427359081Z,11.482050895690918
2025-03-27T05:07:44.407142825Z,6.820050239562988
2025-03-27T05:07:45.387221657Z,9.55305004119873
2025-03-27T05:07:46.43234419Z,7.25100040435791
2025-03-27T05:07:47.652292557Z,12.169050216674805
2025-03-27T05:07:48.342483444Z,6.978000164031982
2025-03-27T05:07:49.39773773Z,9.55305004119873
2025-03-27T05:07:50.332387042Z,7.819950580596924
2025-03-27T05:07:51.317487219Z,8.005050659179688
2025-03-27T05:07:52.307393702Z,13.297050476074219
2025-03-27T05:07:53.347288109Z,7.504050254821777
2025-03-27T05:07:54.267374962Z,10.735950469970703
2025-03-27T05:07:55.317355422Z,9.460050582885742
2025-03-27T05:07:56.67232074Z,9.57705020904541
2025-03-27T05:07:57.407129498Z,6.573000431060791
2025-03-27T05:07:58.312953379Z,5.350050449371338
2025-03-27T05:07:59.187489655Z,10.539000511169434
2025-03-27T05:08:00.167314273Z,10.609050750732422
2025-03-27T05:08:01.408114272Z,7.890000343322754
2025-03-27T05:08:02.212430346Z,9.283050537109375
2025-03-27T05:08:03.133274063Z,9.570000648498535
2025-03-27T05:08:04.192413079Z,9.51300048828125
2025-03-27T05:08:05.067361605Z,6.966000556945801
2025-03-27T05:08:06.067169662Z,7.7560505867004395
2025-03-27T05:08:07.707486545Z,12.931050300598145
2025-03-27T05:08:09.207412697Z,12.931050300598145
2025-03-27T05:08:09.377301761Z,7.555050373077393
2025-03-27T05:08:10.137814951Z,9.675000190734863
2025-03-27T05:08:11.037220634Z,6.903000354766846
2025-03-27T05:08:11.997371548Z,9.715950012207031
2025-03-27T05:08:12.987337297Z,13.195950508117676
2025-03-27T05:08:13.967289889Z,7.803000450134277
2025-03-27T05:08:14.967518601Z,12.88800048828125
2025-03-27T05:08:15.927662807Z,8.332050323486328
2025-03-27T05:08:16.907686335Z,8.72504997253418
2025-03-27T05:08:17.907257363Z,9.955050468444824
2025-03-27T05:08:18.967519234Z,9.61305046081543
2025-03-27T05:08:19.86739635Z,9.321000099182129
2025-03-27T05:08:20.887221565Z,7.987950325012207
2025-03-27T05:08:21.887234357Z,11.26200008392334
2025-03-27T05:08:22.827498402Z,7.782000541687012
2025-03-27T05:08:23.827652607Z,9.361950874328613
2025-03-27T05:08:24.847317977Z,9.22800064086914
2025-03-27T05:08:25.852684866Z,10.486950874328613
2025-03-27T05:08:27.062326241Z,6.631050109863281
2025-03-27T05:08:27.967485936Z,7.870050430297852
2025-03-27T05:08:28.747642053Z,8.956950187683105
2025-03-27T05:08:29.802236305Z,9.759000778198242
2025-03-27T05:08:30.782364957Z,10.246950149536133
2025-03-27T05:08:31.732397514Z,7.819950580596924
2025-03-27T05:08:32.667866057Z,9.121950149536133
2025-03-27T05:08:33.692314022Z,9.844950675964355
2025-03-27T05:08:34.647324638Z,9.606000900268555
2025-03-27T05:08:35.627526009Z,7.6620001792907715
2025-03-27T05:08:36.627704401Z,8.931000709533691
2025-03-27T05:08:38.16744331Z,8.433000564575195
2025-03-27T05:08:38.607275585Z,6.98205041885376
2025-03-27T05:08:39.607477963Z,5.683050155639648
2025-03-27T05:08:40.567191802Z,17.887950897216797
2025-03-27T05:08:41.557236943Z,7.621950149536133
2025-03-27T05:08:42.587523118Z,9.592050552368164
2025-03-27T05:08:43.547488032Z,7.377000331878662
2025-03-27T05:08:44.487256576Z,13.651050567626953
2025-03-27T05:08:45.707472523Z,8.1739501953125
2025-03-27T05:08:46.457258624Z,14.32395076751709
2025-03-27T05:08:47.49735222Z,6.1210503578186035
2025-03-27T05:08:48.422467569Z,9.429000854492188
2025-03-27T05:08:49.412459908Z,6.9940505027771
2025-03-27T05:08:50.477386757Z,10.699950218200684
2025-03-27T05:08:51.507293471Z,10.699950218200684
2025-03-27T05:08:52.457414929Z,9.571950912475586
2025-03-27T05:08:53.432300501Z,8.419050216674805
2025-03-27T05:08:54.302157448Z,8.944950103759766
2025-03-27T05:08:55.312500328Z,6.730950355529785
2025-03-27T05:08:56.337274869Z,7.291050434112549
2025-03-27T05:08:57.457310245Z,14.992051124572754
2025-03-27T05:08:58.477311859Z,7.578000545501709
2025-03-27T05:08:59.457496058Z,10.822050094604492
2025-03-27T05:09:00.457336639Z,6.360000133514404
2025-03-27T05:09:01.262540156Z,8.670000076293945
2025-03-27T05:09:02.342517252Z,8.232000350952148
2025-03-27T05:09:03.297380351Z,8.155050277709961
2025-03-27T05:09:04.217274253Z,12.04995059967041
2025-03-27T05:09:05.157384213Z,8.20305061340332
2025-03-27T05:09:06.137726751Z,10.594050407409668
2025-03-27T05:09:07.16224476Z,7.147950172424316
2025-03-27T05:09:08.147359814Z,10.6399507522583
2025-03-27T05:09:09.107367793Z,9.058050155639648
2025-03-27T05:09:10.077290071Z,10.699950218200684
2025-03-27T05:09:11.072302084Z,7.633950233459473
2025-03-27T05:09:12.085093893Z,9.31605052947998
2025-03-27T05:09:13.047371115Z,9.307050704956055
2025-03-27T05:09:14.047333708Z,6.690000534057617
2025-03-27T05:09:15.027207025Z,8.23905086517334
2025-03-27T05:09:16.037542646Z,9.739950180053711
2025-03-27T05:09:17.017276469Z,9.457050323486328
2025-03-27T05:09:17.967494744Z,9.534000396728516
2025-03-27T05:09:19.047361867Z,9.819000244140625
2025-03-27T05:09:20.027488904Z,9.895950317382812
2025-03-27T05:09:20.987817368Z,8.079000473022461
2025-03-27T05:09:21.952898486Z,10.027050018310547
2025-03-27T05:09:22.907326663Z,9.058050155639648
2025-03-27T05:09:23.867524309Z,5.427000045776367
2025-03-27T05:09:24.84744049Z,12.447000503540039
2025-03-27T05:09:25.937406582Z,7.297950267791748
2025-03-27T05:09:26.947190276Z,13.582050323486328
2025-03-27T05:09:27.857438616Z,8.47800064086914
2025-03-27T05:09:29.227162247Z,8.50005054473877
2025-03-27T05:09:30.277568534Z,10.360050201416016
2025-03-27T05:09:31.072484736Z,8.895000457763672
2025-03-27T05:09:31.742230297Z,7.770000457763672
2025-03-27T05:09:32.767441801Z,13.045950889587402
2025-03-27T05:09:33.887367441Z,6.286050319671631
2025-03-27T05:09:34.717304822Z,6.286050319671631
2025-03-27T05:09:35.667204077Z,10.156050682067871
2025-03-27T05:09:36.652401993Z,6.631050109863281
2025-03-27T05:09:37.632220888Z,11.2339506149292
2025-03-27T05:09:38.597175209Z,9.063000679016113
2025-03-27T05:09:39.697503441Z,7.252950191497803
2025-03-27T05:09:40.622235787Z,9.634950637817383
2025-03-27T05:09:41.617347713Z,8.37600040435791
2025-03-27T05:09:43.227265204Z,7.807950496673584
2025-03-27T05:09:43.967752736Z,10.020000457763672
2025-03-27T05:09:44.987176941Z,5.917050361633301
2025-03-27T05:09:45.547445762Z,8.992950439453125
2025-03-27T05:09:46.48300813Z,10.051050186157227
2025-03-27T05:09:47.477360405Z,8.148000717163086
2025-03-27T05:09:48.432312332Z,8.497950553894043
2025-03-27T05:09:49.392664657Z,8.092950820922852
2025-03-27T05:09:50.367665143Z,8.280000686645508
2025-03-27T05:09:51.312131847Z,7.734000205993652
2025-03-27T05:09:52.272130684Z,9.33495044708252
2025-03-27T05:09:53.237360747Z,6.7260003089904785
2025-03-27T05:09:54.377316396Z,13.44795036315918
2025-03-27T05:09:55.237641543Z,6.1210503578186035
2025-03-27T05:09:56.192577956Z,5.3359503746032715
2025-03-27T05:09:57.152652295Z,7.222050189971924
2025-03-27T05:09:58.152429621Z,6.919950485229492
2025-03-27T05:09:59.132493608Z,6.043950080871582
2025-03-27T05:10:00.112631608Z,10.731000900268555
2025-03-27T05:10:01.102368859Z,5.946000099182129
2025-03-27T05:10:02.097294383Z,7.906050205230713
2025-03-27T05:10:03.092455506Z,10.684950828552246
2025-03-27T05:10:04.05723429Z,5.862000465393066
2025-03-27T05:10:05.092168031Z,2.31000018119812
2025-03-27T05:10:06.092435295Z,0.3930000066757202
2025-03-27T05:10:07.012467144Z,1.7020500898361206
2025-03-27T05:10:08.01757013Z,2.947050094604492
2025-03-27T05:10:08.972192489Z,2.947050094604492
2025-03-27T05:10:09.972373613Z,0.9499500393867493
2025-03-27T05:10:10.983121759Z,0.32100000977516174
2025-03-27T05:10:11.952427999Z,1.6399500370025635
2025-03-27T05:10:12.932320929Z,0.7230000495910645
2025-03-27T05:10:13.942272825Z,-1.7800500392913818
2025-03-27T05:10:14.912953558Z,4.218000411987305
2025-03-27T05:10:15.912451344Z,1.8960001468658447
2025-03-27T05:10:16.907393148Z,2.9250001907348633
2025-03-27T05:10:17.872256899Z,2.101950168609619
2025-03-27T05:10:18.88736335Z,4.426050186157227
2025-03-27T05:10:19.847800221Z,2.997000217437744
2025-03-27T05:10:20.847346206Z,3.595050096511841
2025-03-27T05:10:21.827332025Z,1.9030500650405884
2025-03-27T05:10:22.827718932Z,1.0960500240325928
2025-03-27T05:10:23.827820232Z,3.0259501934051514
2025-03-27T05:10:24.807388811Z,3.0949501991271973
2025-03-27T05:10:25.852260023Z,3.145050048828125
2025-03-27T05:10:26.7874551Z,3.069000244140625
2025-03-27T05:10:27.76739472Z,6.211950302124023
2025-03-27T05:10:28.732371086Z,2.739000082015991
2025-03-27T05:10:29.777409545Z,3.706050157546997
2025-03-27T05:10:30.72745197Z,3.1840500831604004
2025-03-27T05:10:31.697383332Z,4.390050411224365
2025-03-27T05:10:32.672397561Z,3.5119502544403076
2025-03-27T05:10:33.652639802Z,2.3359501361846924
2025-03-27T05:10:34.65769489Z,3.9979500770568848
2025-03-27T05:10:35.637625954Z,2.265000104904175
2025-03-27T05:10:36.657377244Z,2.9110500812530518
2025-03-27T05:10:37.642185236Z,3.5620501041412354
2025-03-27T05:10:38.637172219Z,3.049950122833252
2025-03-27T05:10:39.672565167Z,2.997000217437744
2025-03-27T05:10:40.611452255Z,4.303950309753418
2025-03-27T05:10:41.587181863Z,3.223950147628784
2025-03-27T05:10:42.592463028Z,5.247000217437744
2025-03-27T05:10:43.762319516Z,3.8590502738952637
2025-03-27T05:10:51.023668353Z,3.1549501419067383
2025-03-27T05:10:51.025664916Z,4.4760003089904785
2025-03-27T05:10:51.187392471Z,2.616000175476074
2025-03-27T05:10:51.189156691Z,6.339000225067139
2025-03-27T05:10:51.262138164Z,2.9419500827789307
2025-03-27T05:10:51.263823972Z,10.93695068359375
2025-03-27T05:10:51.417458036Z,11.254950523376465
2025-03-27T05:10:51.612317667Z,9.973950386047363
2025-03-27T05:10:54.44716608Z,3.1240501403808594
2025-03-27T05:10:54.462258702Z,5.854950428009033
2025-03-27T05:10:54.467479414Z,3.327000141143799
2025-03-27T05:10:55.682153824Z,3.658050060272217
2025-03-27T05:10:56.347362559Z,4.141050338745117
2025-03-27T05:10:58.427301584Z,4.141050338745117
2025-03-27T05:10:58.428802399Z,4.468950271606445
2025-03-27T05:10:59.312175353Z,3.44700026512146
2025-03-27T05:11:00.267423327Z,3.6480002403259277
2025-03-27T05:11:01.25238561Z,4.73205041885376
2025-03-27T05:11:02.287409213Z,3.487950086593628
2025-03-27T05:11:03.227300815Z,5.119950294494629
2025-03-27T05:11:04.237573776Z,3.2700002193450928
2025-03-27T05:11:05.197536788Z,5.347950458526611
2025-03-27T05:11:06.197410505Z,4.213050365447998
2025-03-27T05:11:07.157909331Z,4.906949996948242
2025-03-27T05:11:08.132684159Z,3.8560502529144287
2025-03-27T05:11:09.12729915Z,4.716000080108643
2025-03-27T05:11:10.112416598Z,3.9810001850128174
2025-03-27T05:11:11.097334833Z,3.9810001850128174
2025-03-27T05:11:12.077158351Z,8.076000213623047
2025-03-27T05:11:13.057084981Z,3.8560502529144287
2025-03-27T05:11:14.063140816Z,4.4670000076293945
2025-03-27T05:11:15.122244836Z,4.375950336456299
2025-03-27T05:11:16.072717463Z,4.420950412750244
2025-03-27T05:11:17.097316377Z,3.7099502086639404
2025-03-27T05:11:18.117280633Z,2.2210500240325928
2025-03-27T05:11:19.127264205Z,4.336950302124023
2025-03-27T05:11:20.072318247Z,2.7150001525878906
2025-03-27T05:11:21.067382581Z,4.974000453948975
2025-03-27T05:11:22.092289171Z,3.907050132751465
2025-03-27T05:11:22.937318328Z,5.380950450897217
2025-03-27T05:11:23.947207467Z,4.279950141906738
2025-03-27T05:11:24.912357412Z,6.793050289154053
2025-03-27T05:11:26.292307053Z,3.595050096511841
2025-03-27T05:11:26.907299363Z,6.865050315856934
2025-03-27T05:11:27.867394623Z,3.0109500885009766
2025-03-27T05:11:28.972986808Z,3.634050130844116
2025-03-27T05:11:30.262436255Z,4.43595027923584
2025-03-27T05:11:30.83222431Z,5.161050319671631
2025-03-27T05:11:31.822279465Z,3.6030001640319824
2025-03-27T05:11:32.832329864Z,2.703000068664551
2025-03-27T05:11:33.852550296Z,5.709000110626221
2025-03-27T05:11:34.792585175Z,3.007050037384033
2025-03-27T05:11:35.792368575Z,4.198950290679932
2025-03-27T05:11:36.867245086Z,3.7849502563476562
2025-03-27T05:11:37.787444223Z,4.348950386047363
2025-03-27T05:11:39.062623943Z,4.348950386047363
2025-03-27T05:11:39.712444887Z,3.676950216293335
2025-03-27T05:11:41.052601033Z,4.07895040512085
2025-03-27T05:11:41.667254626Z,4.510050296783447
2025-03-27T05:11:42.572559965Z,2.974950075149536
2025-03-27T05:11:43.647312014Z,5.905050277709961
2025-03-27T05:11:44.637245527Z,5.086950302124023
2025-03-27T05:11:45.582303686Z,13.45995044708252
2025-03-27T05:11:46.542395558Z,6.898950099945068
2025-03-27T05:11:47.647650737Z,12.813000679016113
2025-03-27T05:11:48.877263285Z,6.796050548553467
2025-03-27T05:11:49.767397816Z,10.176000595092773
2025-03-27T05:11:50.627458364Z,8.548050880432129
2025-03-27T05:11:51.737166361Z,8.46405029296875
2025-03-27T05:11:52.597213681Z,8.244000434875488
2025-03-27T05:11:53.627202075Z,10.48905086517334
2025-03-27T05:11:55.042136853Z,7.939950466156006
2025-03-27T05:11:55.343026314Z,9.376049995422363
2025-03-27T05:11:56.347194823Z,5.436000347137451
2025-03-27T05:11:57.247114784Z,6.394050121307373
2025-03-27T05:11:58.227317979Z,8.857050895690918
2025-03-27T05:11:59.207356235Z,9.592050552368164
2025-03-27T05:12:01.027467508Z,8.275050163269043
2025-03-27T05:12:01.302288352Z,9.120000839233398
2025-03-27T05:12:02.357810054Z,8.887950897216797
2025-03-27T05:12:03.232408654Z,8.028000831604004
2025-03-27T05:12:04.192539077Z,7.666950225830078
2025-03-27T05:12:05.107386146Z,7.111950397491455
2025-03-27T05:12:06.862365114Z,7.159950256347656
2025-03-27T05:12:07.187335121Z,8.598000526428223
2025-03-27T05:12:08.01222203Z,8.315999984741211
2025-03-27T05:12:09.142395364Z,9.994050025939941
2025-03-27T05:12:09.997659165Z,9.994050025939941
2025-03-27T05:12:10.96751335Z,10.401000022888184
2025-03-27T05:12:11.957503445Z,11.940000534057617
2025-03-27T05:12:12.937329063Z,10.116000175476074
2025-03-27T05:12:13.922292871Z,7.993050575256348
2025-03-27T05:12:14.897371092Z,11.674050331115723
2025-03-27T05:12:15.897594363Z,8.541000366210938
2025-03-27T05:12:16.857155562Z,7.284000396728516
2025-03-27T05:12:17.912216119Z,7.059000492095947
2025-03-27T05:12:19.238235061Z,9.130050659179688
2025-03-27T05:12:19.832228061Z,14.415000915527344
2025-03-27T05:12:20.817670981Z,6.547050476074219
2025-03-27T05:12:21.817343053Z,11.652000427246094
2025-03-27T05:12:22.792559765Z,7.0660505294799805
2025-03-27T05:12:23.832442966Z,13.302000999450684
2025-03-27T05:12:24.79728029Z,5.910000324249268
2025-03-27T05:12:25.812400442Z,10.615950584411621
2025-03-27T05:12:26.732273426Z,9.473999977111816
2025-03-27T05:12:27.737379644Z,8.455050468444824
2025-03-27T05:12:28.712270377Z,7.260000228881836
2025-03-27T05:12:29.69239431Z,9.56505012512207
2025-03-27T05:12:30.672467705Z,7.26300048828125
2025-03-27T05:12:31.752351018Z,10.996950149536133
2025-03-27T05:12:32.697177611Z,6.29295015335083
2025-03-27T05:12:33.632273136Z,9.742050170898438
2025-03-27T05:12:34.602204415Z,6.432000160217285
2025-03-27T05:12:35.637469853Z,4.9360504150390625
2025-03-27T05:12:36.622319574Z,7.437000274658203
2025-03-27T05:12:37.592286511Z,10.213950157165527
2025-03-27T05:12:38.552389578Z,9.418950080871582
2025-03-27T05:12:39.532530945Z,8.557050704956055
2025-03-27T05:12:40.53238104Z,7.882050514221191
2025-03-27T05:12:41.537263115Z,6.157050132751465
2025-03-27T05:12:42.51265253Z,4.735050201416016
2025-03-27T05:12:43.492391218Z,11.71500015258789
2025-03-27T05:12:44.473390819Z,10.48905086517334
2025-03-27T05:12:45.452555429Z,10.63800048828125
2025-03-27T05:12:46.45231365Z,8.410950660705566
2025-03-27T05:12:47.412435943Z,6.451050281524658
2025-03-27T05:12:48.432462105Z,8.332050323486328
2025-03-27T05:12:49.422589888Z,8.577000617980957
2025-03-27T05:12:50.382204396Z,9.261000633239746
2025-03-27T05:12:57.437267707Z,5.953050136566162
2025-03-27T05:12:58.307173726Z,9.790050506591797
2025-03-27T05:12:59.272459105Z,8.409000396728516
2025-03-27T05:13:00.302271984Z,8.89995002746582
2025-03-27T05:13:01.497305191Z,9.784950256347656
2025-03-27T05:13:02.197459467Z,11.988000869750977
2025-03-27T05:13:03.202308063Z,7.660050392150879
2025-03-27T05:13:04.247392712Z,9.30405044555664
2025-03-27T05:13:05.567284326Z,7.786950588226318
2025-03-27T05:13:06.252297666Z,7.018050193786621
2025-03-27T05:13:07.167304732Z,8.557050704956055
2025-03-27T05:13:08.137195964Z,4.845000267028809
2025-03-27T05:13:09.08727455Z,0.22500000894069672
2025-03-27T05:13:10.097322723Z,-1.0069500207901
2025-03-27T05:13:11.092633303Z,2.9920501708984375
2025-03-27T05:13:12.047237036Z,-1.7149500846862793
2025-03-27T05:13:13.067088226Z,1.2420001029968262
2025-03-27T05:13:13.977641706Z,-0.15195000171661377
2025-03-27T05:13:14.977295758Z,0.13905000686645508
2025-03-27T05:13:15.947189485Z,0.11295000463724136
2025-03-27T05:13:16.972298284Z,-0.15195000171661377
2025-03-27T05:13:17.962283529Z,0.6559500098228455
2025-03-27T05:13:18.882364016Z,0.27105000615119934
2025-03-27T05:13:19.89781843Z,0.3570000231266022
2025-03-27T05:13:20.927418246Z,0.27300000190734863
2025-03-27T05:13:21.882534336Z,0.27300000190734863
2025-03-27T05:13:22.897390283Z,0.32805001735687256
2025-03-27T05:13:23.772416205Z,0.34995001554489136
2025-03-27T05:13:24.747230836Z,0.34005001187324524
2025-03-27T05:13:25.707383375Z,0.34005001187324524
2025-03-27T05:13:26.692682537Z,0.283050000667572
2025-03-27T05:13:27.637763451Z,0.32805001735687256
2025-03-27T05:13:28.717364931Z,0.25394999980926514
2025-03-27T05:13:29.658093178Z,0.37800002098083496
2025-03-27T05:13:30.577566196Z,0.35895001888275146
2025-03-27T05:13:31.592497795Z,0.40995001792907715
2025-03-27T05:13:32.557563404Z,0.34995001554489136
2025-03-27T05:13:33.477334867Z,0.2970000207424164
2025-03-27T05:13:34.537598878Z,0.2160000056028366
2025-03-27T05:13:35.492301491Z,0.23205001652240753
2025-03-27T05:13:36.457336973Z,0.31095001101493835
2025-03-27T05:13:37.502307287Z,0.23205001652240753
2025-03-27T05:13:38.502080311Z,0.3660000264644623
2025-03-27T05:13:39.397432112Z,0.26805001497268677
2025-03-27T05:13:40.732339248Z,0.1960500031709671
2025-03-27T05:13:41.512515749Z,0.22305001318454742
2025-03-27T05:13:42.357512365Z,0.25200000405311584
2025-03-27T05:13:43.337243692Z,0.1680000126361847
2025-03-27T05:13:44.267166523Z,0.2179500162601471
2025-03-27T05:13:45.352317992Z,0.24705001711845398
2025-03-27T05:13:47.157411219Z,0.3040500283241272
2025-03-27T05:13:47.472333704Z,0.2560500204563141
2025-03-27T05:13:48.18219131Z,0.22005000710487366
2025-03-27T05:13:49.117594281Z,0.1960500031709671
2025-03-27T05:13:50.417590643Z,0.10095000267028809
2025-03-27T05:13:51.062323816Z,-0.25005000829696655
2025-03-27T05:13:52.077371849Z,-2.3490002155303955
2025-03-27T05:13:53.112127682Z,-1.6260000467300415
2025-03-27T05:13:54.03814138Z,-1.5520501136779785
2025-03-27T05:13:54.932266828Z,-0.49695003032684326
2025-03-27T05:13:55.972479823Z,-0.49695003032684326
2025-03-27T05:13:56.932442684Z,-0.5640000104904175
2025-03-27T05:13:57.917205115Z,-1.8130500316619873
2025-03-27T05:13:59.012576524Z,-0.10695000737905502
2025-03-27T05:13:59.827220981Z,-0.41100001335144043
2025-03-27T05:14:00.817468311Z,-1.2460500001907349
2025-03-27T05:14:01.91238169Z,1.2019500732421875
2025-03-27T05:14:03.212331948Z,0.7020000219345093
2025-03-27T05:14:04.374379797Z,1.7280000448226929
2025-03-27T05:14:04.912407242Z,-0.2070000171661377
2025-03-27T05:14:05.662413919Z,0.26805001497268677
2025-03-27T05:14:06.722149096Z,0.4240500330924988
2025-03-27T05:14:07.617362445Z,0.5629500150680542
2025-03-27T05:14:09.052515926Z,0.034050002694129944
2025-03-27T05:14:09.717378015Z,0.09405000507831573
2025-03-27T05:14:10.592423864Z,-0.2670000195503235
2025-03-27T05:14:11.682387048Z,-0.2670000195503235
2025-03-27T05:14:12.537634215Z,0.6109500527381897
2025-03-27T05:14:13.477387986Z,-1.240950107574463
2025-03-27T05:14:14.442412448Z,0.5410500168800354
2025-03-27T05:14:15.417455465Z,0.5869500041007996
2025-03-27T05:14:16.397293068Z,0.831000030040741
2025-03-27T05:14:17.357228043Z,-1.2580500841140747
2025-03-27T05:14:18.357619987Z,-0.31200000643730164
2025-03-27T05:14:19.317497968Z,2.064000129699707
2025-03-27T05:14:20.302428298Z,-2.1790502071380615
2025-03-27T05:14:21.257266675Z,0.3829500079154968
2025-03-27T05:14:22.247444254Z,1.0410000085830688
2025-03-27T05:14:23.222325336Z,-3.4069502353668213
2025-03-27T05:14:24.182484638Z,1.125
2025-03-27T05:14:25.242225155Z,0.4429500102996826
2025-03-27T05:14:26.182398889Z,0.4549500346183777
2025-03-27T05:14:27.152270246Z,0.7300500273704529
2025-03-27T05:14:28.082243879Z,0.7300500273704529
2025-03-27T05:14:29.587212056Z,1.3530000448226929
2025-03-27T05:14:30.292340289Z,0.505050003528595
2025-03-27T05:14:33.565104522Z,0.004950000438839197
2025-03-27T05:14:33.854793741Z,-0.48900002241134644
2025-03-27T05:14:33.856575714Z,-0.5059500336647034
2025-03-27T05:14:34.134822061Z,6.7860002517700195
2025-03-27T05:14:34.931178363Z,1.2400500774383545
2025-03-27T05:14:35.904738418Z,-0.013050000183284283
2025-03-27T05:14:39.392367247Z,-0.609000027179718
2025-03-27T05:14:39.39403173Z,-9.283950805664062
2025-03-27T05:14:39.395919315Z,-1.2600001096725464
2025-03-27T05:14:39.822342332Z,-0.16200000047683716
2025-03-27T05:14:40.922317389Z,-1.2769500017166138
2025-03-27T05:14:41.862115176Z,1.1779500246047974
2025-03-27T05:14:42.882285972Z,-2.0500500202178955
2025-03-27T05:14:43.752439055Z,0
2025-03-27T05:14:44.802152085Z,-1.117050051689148
2025-03-27T05:14:45.787200044Z,0.5530500411987305
2025-03-27T05:14:46.74763264Z,0.673050045967102
2025-03-27T05:14:47.682251448Z,0.2350500077009201
2025-03-27T05:14:48.667237592Z,0.24705001711845398
2025-03-27T05:14:49.632146654Z,2.31000018119812
2025-03-27T05:14:50.587244268Z,-0.30000001192092896
2025-03-27T05:14:51.532327724Z,0.8089500665664673
2025-03-27T05:14:52.492433157Z,-0.41505002975463867
2025-03-27T05:14:53.487208055Z,0.3469500243663788
2025-03-27T05:14:54.467289954Z,0.1489500105381012
2025-03-27T05:14:55.417235664Z,-0.07095000147819519
2025-03-27T05:14:56.39235229Z,-0.922950029373169
2025-03-27T05:14:57.347392596Z,-0.3960000276565552
2025-03-27T05:14:58.337856957Z,-0.3960000276565552
2025-03-27T05:14:59.267402501Z,0.505050003528595
2025-03-27T05:15:00.262476151Z,0.3829500079154968
2025-03-27T05:15:01.23242645Z,-0.04200000315904617
2025-03-27T05:15:02.21256122Z,0.33105000853538513
2025-03-27T05:15:03.182322603Z,1.7860500812530518
2025-03-27T05:15:04.182706888Z,0.1579500138759613
2025-03-27T05:15:05.14235984Z,11.643000602722168
2025-03-27T05:15:06.11730394Z,8.220000267028809
2025-03-27T05:15:07.082416988Z,9.235050201416016
2025-03-27T05:15:08.06228789Z,9.153000831604004
2025-03-27T05:15:09.057821359Z,9.53895092010498
2025-03-27T05:15:10.022240054Z,9.3589506149292
2025-03-27T05:15:10.997239074Z,9.232050895690918
2025-03-27T05:15:11.962373764Z,9.754050254821777
2025-03-27T05:15:12.972288702Z,6.4270501136779785
2025-03-27T05:20:44.591661493Z,9.469050407409668
2025-03-27T05:20:45.748869494Z,9.201000213623047
2025-03-27T05:20:46.608665094Z,9.2920503616333
2025-03-27T05:20:47.783982545Z,10.032000541687012
2025-03-27T05:20:48.808965781Z,9.241950035095215
2025-03-27T05:20:49.778712222Z,8.68005084991455
2025-03-27T05:20:51.073859309Z,8.689050674438477
2025-03-27T05:20:52.088950789Z,8.689050674438477
2025-03-27T05:20:53.098723101Z,8.244000434875488
2025-03-27T05:20:54.088814337Z,8.34000015258789
2025-03-27T05:20:55.093909265Z,8.574000358581543
2025-03-27T05:20:56.108692869Z,8.789999961853027
2025-03-27T05:20:57.133713172Z,9.634950637817383
2025-03-27T05:20:58.153749397Z,9.868950843811035
2025-03-27T05:20:59.148977409Z,9.790050506591797
2025-03-27T05:21:00.19872929Z,9.682050704956055
2025-03-27T05:21:01.149129498Z,9.955050468444824
2025-03-27T05:21:02.178712626Z,9.56505012512207
2025-03-27T05:21:03.168767801Z,9.297000885009766
2025-03-27T05:21:04.214407484Z,6.178050518035889
2025-03-27T05:21:05.208834725Z,6.178050518035889
2025-03-27T05:21:06.224522316Z,8.734950065612793
2025-03-27T05:21:07.208821806Z,9.574950218200684
2025-03-27T05:21:08.233672697Z,9.253950119018555
2025-03-27T05:21:09.23379971Z,9.33495044708252
2025-03-27T05:21:10.248704175Z,9.31095027923584
2025-03-27T05:21:11.233666633Z,8.433000564575195
2025-03-27T05:21:12.258951569Z,8.19105052947998
2025-03-27T05:21:13.248904214Z,9.508050918579102
2025-03-27T05:21:14.26914759Z,9.232050895690918
2025-03-27T05:21:15.248915855Z,8.928000450134277
